utt_id,dataset_name,split_name,speaker_id,gender,domain,language,path_raw,path_proc,duration_sec,sample_rate,quality_flag,notes,clean_subset_name,clean_rule_version,selection_cell,coarse_style,selection_note
121_121726_000004_000003,LibriTTS-R,test-clean,121,female,speech,English,data/datasets/speech/libritts_r/raw/LibriTTS_R/test-clean/121/121726/121_121726_000004_000003.wav,,7.800000,24000,ok,,clean_speech_v1,v1,LibriTTS-R|female,neutral_speech,quality_ok;duration_2_20;English;balanced_by_dataset_and_gender;round_robin_by_speaker
121_121726_000005_000001,LibriTTS-R,test-clean,121,female,speech,English,data/datasets/speech/libritts_r/raw/LibriTTS_R/test-clean/121/121726/121_121726_000005_000001.wav,,5.840000,24000,ok,,clean_speech_v1,v1,LibriTTS-R|female,neutral_speech,quality_ok;duration_2_20;English;balanced_by_dataset_and_gender;round_robin_by_speaker
121_121726_000008_000002,LibriTTS-R,test-clean,121,female,speech,English,data/datasets/speech/libritts_r/raw/LibriTTS_R/test-clean/121/121726/121_121726_000008_000002.wav,,2.440000,24000,ok,,clean_speech_v1,v1,LibriTTS-R|female,neutral_speech,quality_ok;duration_2_20;English;balanced_by_dataset_and_gender;round_robin_by_speaker
121_121726_000025_000000,LibriTTS-R,test-clean,121,female,speech,English,data/datasets/speech/libritts_r/raw/LibriTTS_R/test-clean/121/121726/121_121726_000025_000000.wav,,2.920000,24000,ok,,clean_speech_v1,v1,LibriTTS-R|female,neutral_speech,quality_ok;duration_2_20;English;balanced_by_dataset_and_gender;round_robin_by_speaker
121_121726_000025_000001,LibriTTS-R,test-clean,121,female,speech,English,data/datasets/speech/libritts_r/raw/LibriTTS_R/test-clean/121/121726/121_121726_000025_000001.wav,,6.080000,24000,ok,,clean_speech_v1,v1,LibriTTS-R|female,neutral_speech,quality_ok;duration_2_20;English;balanced_by_dataset_and_gender;round_robin_by_speaker
121_121726_000029_000003,LibriTTS-R,test-clean,121,female,speech,English,data/datasets/speech/libritts_r/raw/LibriTTS_R/test-clean/121/121726/121_121726_000029_000003.wav,,3.200000,24000,ok,,clean_speech_v1,v1,LibriTTS-R|female,neutral_speech,quality_ok;duration_2_20;English;balanced_by_dataset_and_gender;round_robin_by_speaker
121_121726_000031_000001,LibriTTS-R,test-clean,121,female,speech,English,data/datasets/speech/libritts_r/raw/LibriTTS_R/test-clean/121/121726/121_121726_000031_000001.wav,,2.160000,24000,ok,,clean_speech_v1,v1,LibriTTS-R|female,neutral_speech,quality_ok;duration_2_20;English;balanced_by_dataset_and_gender;round_robin_by_speaker
121_121726_000034_000001,LibriTTS-R,test-clean,121,female,speech,English,data/datasets/speech/libritts_r/raw/LibriTTS_R/test-clean/121/121726/121_121726_000034_000001.wav,,6.640000,24000,ok,,clean_speech_v1,v1,LibriTTS-R|female,neutral_speech,quality_ok;duration_2_20;English;balanced_by_dataset_and_gender;round_robin_by_speaker
121_127105_000000_000000,LibriTTS-R,test-clean,121,female,speech,English,data/datasets/speech/libritts_r/raw/LibriTTS_R/test-clean/121/127105/121_127105_000000_000000.wav,,2.600000,24000,ok,,clean_speech_v1,v1,LibriTTS-R|female,neutral_speech,quality_ok;duration_2_20;English;balanced_by_dataset_and_gender;round_robin_by_speaker
121_127105_000007_000002,LibriTTS-R,test-clean,121,female,speech,English,data/datasets/speech/libritts_r/raw/LibriTTS_R/test-clean/121/127105/121_127105_000007_000002.wav,,14.360167,24000,ok,,clean_speech_v1,v1,LibriTTS-R|female,neutral_speech,quality_ok;duration_2_20;English;balanced_by_dataset_and_gender;round_robin_by_speaker
121_127105_000007_000003,LibriTTS-R,test-clean,121,female,speech,English,data/datasets/speech/libritts_r/raw/LibriTTS_R/test-clean/121/127105/121_127105_000007_000003.wav,,5.360000,24000,ok,,clean_speech_v1,v1,LibriTTS-R|female,neutral_speech,quality_ok;duration_2_20;English;balanced_by_dataset_and_gender;round_robin_by_speaker
121_127105_000007_000004,LibriTTS-R,test-clean,121,female,speech,English,data/datasets/speech/libritts_r/raw/LibriTTS_R/test-clean/121/127105/121_127105_000007_000004.wav,,7.640000,24000,ok,,clean_speech_v1,v1,LibriTTS-R|female,neutral_speech,quality_ok;duration_2_20;English;balanced_by_dataset_and_gender;round_robin_by_speaker
121_127105_000008_000000,LibriTTS-R,test-clean,121,female,speech,English,data/datasets/speech/libritts_r/raw/LibriTTS_R/test-clean/121/127105/121_127105_000008_000000.wav,,9.720000,24000,ok,,clean_speech_v1,v1,LibriTTS-R|female,neutral_speech,quality_ok;duration_2_20;English;balanced_by_dataset_and_gender;round_robin_by_speaker
121_127105_000008_000001,LibriTTS-R,test-clean,121,female,speech,English,data/datasets/speech/libritts_r/raw/LibriTTS_R/test-clean/121/127105/121_127105_000008_000001.wav,,4.960000,24000,ok,,clean_speech_v1,v1,LibriTTS-R|female,neutral_speech,quality_ok;duration_2_20;English;balanced_by_dataset_and_gender;round_robin_by_speaker
121_127105_000008_000002,LibriTTS-R,test-clean,121,female,speech,English,data/datasets/speech/libritts_r/raw/LibriTTS_R/test-clean/121/127105/121_127105_000008_000002.wav,,6.760000,24000,ok,,clean_speech_v1,v1,LibriTTS-R|female,neutral_speech,quality_ok;duration_2_20;English;balanced_by_dataset_and_gender;round_robin_by_speaker
121_127105_000009_000000,LibriTTS-R,test-clean,121,female,speech,English,data/datasets/speech/libritts_r/raw/LibriTTS_R/test-clean/121/127105/121_127105_000009_000000.wav,,4.840000,24000,ok,,clean_speech_v1,v1,LibriTTS-R|female,neutral_speech,quality_ok;duration_2_20;English;balanced_by_dataset_and_gender;round_robin_by_speaker
121_127105_000010_000000,LibriTTS-R,test-clean,121,female,speech,English,data/datasets/speech/libritts_r/raw/LibriTTS_R/test-clean/121/127105/121_127105_000010_000000.wav,,9.480000,24000,ok,,clean_speech_v1,v1,LibriTTS-R|female,neutral_speech,quality_ok;duration_2_20;English;balanced_by_dataset_and_gender;round_robin_by_speaker
121_127105_000010_000001,LibriTTS-R,test-clean,121,female,speech,English,data/datasets/speech/libritts_r/raw/LibriTTS_R/test-clean/121/127105/121_127105_000010_000001.wav,,2.320000,24000,ok,,clean_speech_v1,v1,LibriTTS-R|female,neutral_speech,quality_ok;duration_2_20;English;balanced_by_dataset_and_gender;round_robin_by_speaker
121_127105_000010_000002,LibriTTS-R,test-clean,121,female,speech,English,data/datasets/speech/libritts_r/raw/LibriTTS_R/test-clean/121/127105/121_127105_000010_000002.wav,,14.800167,24000,ok,,clean_speech_v1,v1,LibriTTS-R|female,neutral_speech,quality_ok;duration_2_20;English;balanced_by_dataset_and_gender;round_robin_by_speaker
121_127105_000011_000000,LibriTTS-R,test-clean,121,female,speech,English,data/datasets/speech/libritts_r/raw/LibriTTS_R/test-clean/121/127105/121_127105_000011_000000.wav,,2.600000,24000,ok,,clean_speech_v1,v1,LibriTTS-R|female,neutral_speech,quality_ok;duration_2_20;English;balanced_by_dataset_and_gender;round_robin_by_speaker
121_127105_000012_000000,LibriTTS-R,test-clean,121,female,speech,English,data/datasets/speech/libritts_r/raw/LibriTTS_R/test-clean/121/127105/121_127105_000012_000000.wav,,5.960000,24000,ok,,clean_speech_v1,v1,LibriTTS-R|female,neutral_speech,quality_ok;duration_2_20;English;balanced_by_dataset_and_gender;round_robin_by_speaker
121_127105_000012_000001,LibriTTS-R,test-clean,121,female,speech,English,data/datasets/speech/libritts_r/raw/LibriTTS_R/test-clean/121/127105/121_127105_000012_000001.wav,,4.080000,24000,ok,,clean_speech_v1,v1,LibriTTS-R|female,neutral_speech,quality_ok;duration_2_20;English;balanced_by_dataset_and_gender;round_robin_by_speaker
121_127105_000013_000000,LibriTTS-R,test-clean,121,female,speech,English,data/datasets/speech/libritts_r/raw/LibriTTS_R/test-clean/121/127105/121_127105_000013_000000.wav,,3.000000,24000,ok,,clean_speech_v1,v1,LibriTTS-R|female,neutral_speech,quality_ok;duration_2_20;English;balanced_by_dataset_and_gender;round_robin_by_speaker
121_127105_000014_000000,LibriTTS-R,test-clean,121,female,speech,English,data/datasets/speech/libritts_r/raw/LibriTTS_R/test-clean/121/127105/121_127105_000014_000000.wav,,6.000000,24000,ok,,clean_speech_v1,v1,LibriTTS-R|female,neutral_speech,quality_ok;duration_2_20;English;balanced_by_dataset_and_gender;round_robin_by_speaker
121_127105_000014_000001,LibriTTS-R,test-clean,121,female,speech,English,data/datasets/speech/libritts_r/raw/LibriTTS_R/test-clean/121/127105/121_127105_000014_000001.wav,,4.040000,24000,ok,,clean_speech_v1,v1,LibriTTS-R|female,neutral_speech,quality_ok;duration_2_20;English;balanced_by_dataset_and_gender;round_robin_by_speaker
121_127105_000015_000000,LibriTTS-R,test-clean,121,female,speech,English,data/datasets/speech/libritts_r/raw/LibriTTS_R/test-clean/121/127105/121_127105_000015_000000.wav,,3.000000,24000,ok,,clean_speech_v1,v1,LibriTTS-R|female,neutral_speech,quality_ok;duration_2_20;English;balanced_by_dataset_and_gender;round_robin_by_speaker
121_127105_000016_000000,LibriTTS-R,test-clean,121,female,speech,English,data/datasets/speech/libritts_r/raw/LibriTTS_R/test-clean/121/127105/121_127105_000016_000000.wav,,6.040000,24000,ok,,clean_speech_v1,v1,LibriTTS-R|female,neutral_speech,quality_ok;duration_2_20;English;balanced_by_dataset_and_gender;round_robin_by_speaker
121_127105_000016_000001,LibriTTS-R,test-clean,121,female,speech,English,data/datasets/speech/libritts_r/raw/LibriTTS_R/test-clean/121/127105/121_127105_000016_000001.wav,,2.880000,24000,ok,,clean_speech_v1,v1,LibriTTS-R|female,neutral_speech,quality_ok;duration_2_20;English;balanced_by_dataset_and_gender;round_robin_by_speaker
121_127105_000016_000002,LibriTTS-R,test-clean,121,female,speech,English,data/datasets/speech/libritts_r/raw/LibriTTS_R/test-clean/121/127105/121_127105_000016_000002.wav,,8.960000,24000,ok,,clean_speech_v1,v1,LibriTTS-R|female,neutral_speech,quality_ok;duration_2_20;English;balanced_by_dataset_and_gender;round_robin_by_speaker
121_127105_000016_000004,LibriTTS-R,test-clean,121,female,speech,English,data/datasets/speech/libritts_r/raw/LibriTTS_R/test-clean/121/127105/121_127105_000016_000004.wav,,3.560000,24000,ok,,clean_speech_v1,v1,LibriTTS-R|female,neutral_speech,quality_ok;duration_2_20;English;balanced_by_dataset_and_gender;round_robin_by_speaker
121_127105_000016_000005,LibriTTS-R,test-clean,121,female,speech,English,data/datasets/speech/libritts_r/raw/LibriTTS_R/test-clean/121/127105/121_127105_000016_000005.wav,,13.520167,24000,ok,,clean_speech_v1,v1,LibriTTS-R|female,neutral_speech,quality_ok;duration_2_20;English;balanced_by_dataset_and_gender;round_robin_by_speaker
121_127105_000016_000006,LibriTTS-R,test-clean,121,female,speech,English,data/datasets/speech/libritts_r/raw/LibriTTS_R/test-clean/121/127105/121_127105_000016_000006.wav,,8.400000,24000,ok,,clean_speech_v1,v1,LibriTTS-R|female,neutral_speech,quality_ok;duration_2_20;English;balanced_by_dataset_and_gender;round_robin_by_speaker
121_127105_000016_000008,LibriTTS-R,test-clean,121,female,speech,English,data/datasets/speech/libritts_r/raw/LibriTTS_R/test-clean/121/127105/121_127105_000016_000008.wav,,9.640000,24000,ok,,clean_speech_v1,v1,LibriTTS-R|female,neutral_speech,quality_ok;duration_2_20;English;balanced_by_dataset_and_gender;round_robin_by_speaker
121_127105_000018_000001,LibriTTS-R,test-clean,121,female,speech,English,data/datasets/speech/libritts_r/raw/LibriTTS_R/test-clean/121/127105/121_127105_000018_000001.wav,,5.880000,24000,ok,,clean_speech_v1,v1,LibriTTS-R|female,neutral_speech,quality_ok;duration_2_20;English;balanced_by_dataset_and_gender;round_robin_by_speaker
121_127105_000020_000002,LibriTTS-R,test-clean,121,female,speech,English,data/datasets/speech/libritts_r/raw/LibriTTS_R/test-clean/121/127105/121_127105_000020_000002.wav,,2.040000,24000,ok,,clean_speech_v1,v1,LibriTTS-R|female,neutral_speech,quality_ok;duration_2_20;English;balanced_by_dataset_and_gender;round_robin_by_speaker
121_127105_000020_000004,LibriTTS-R,test-clean,121,female,speech,English,data/datasets/speech/libritts_r/raw/LibriTTS_R/test-clean/121/127105/121_127105_000020_000004.wav,,5.120000,24000,ok,,clean_speech_v1,v1,LibriTTS-R|female,neutral_speech,quality_ok;duration_2_20;English;balanced_by_dataset_and_gender;round_robin_by_speaker
121_127105_000020_000005,LibriTTS-R,test-clean,121,female,speech,English,data/datasets/speech/libritts_r/raw/LibriTTS_R/test-clean/121/127105/121_127105_000020_000005.wav,,12.960167,24000,ok,,clean_speech_v1,v1,LibriTTS-R|female,neutral_speech,quality_ok;duration_2_20;English;balanced_by_dataset_and_gender;round_robin_by_speaker
121_127105_000020_000006,LibriTTS-R,test-clean,121,female,speech,English,data/datasets/speech/libritts_r/raw/LibriTTS_R/test-clean/121/127105/121_127105_000020_000006.wav,,3.160000,24000,ok,,clean_speech_v1,v1,LibriTTS-R|female,neutral_speech,quality_ok;duration_2_20;English;balanced_by_dataset_and_gender;round_robin_by_speaker
121_127105_000020_000009,LibriTTS-R,test-clean,121,female,speech,English,data/datasets/speech/libritts_r/raw/LibriTTS_R/test-clean/121/127105/121_127105_000020_000009.wav,,5.960000,24000,ok,,clean_speech_v1,v1,LibriTTS-R|female,neutral_speech,quality_ok;duration_2_20;English;balanced_by_dataset_and_gender;round_robin_by_speaker
121_127105_000022_000001,LibriTTS-R,test-clean,121,female,speech,English,data/datasets/speech/libritts_r/raw/LibriTTS_R/test-clean/121/127105/121_127105_000022_000001.wav,,3.880000,24000,ok,,clean_speech_v1,v1,LibriTTS-R|female,neutral_speech,quality_ok;duration_2_20;English;balanced_by_dataset_and_gender;round_robin_by_speaker
121_127105_000024_000002,LibriTTS-R,test-clean,121,female,speech,English,data/datasets/speech/libritts_r/raw/LibriTTS_R/test-clean/121/127105/121_127105_000024_000002.wav,,4.680000,24000,ok,,clean_speech_v1,v1,LibriTTS-R|female,neutral_speech,quality_ok;duration_2_20;English;balanced_by_dataset_and_gender;round_robin_by_speaker
121_127105_000024_000006,LibriTTS-R,test-clean,121,female,speech,English,data/datasets/speech/libritts_r/raw/LibriTTS_R/test-clean/121/127105/121_127105_000024_000006.wav,,2.400000,24000,ok,,clean_speech_v1,v1,LibriTTS-R|female,neutral_speech,quality_ok;duration_2_20;English;balanced_by_dataset_and_gender;round_robin_by_speaker
121_127105_000025_000000,LibriTTS-R,test-clean,121,female,speech,English,data/datasets/speech/libritts_r/raw/LibriTTS_R/test-clean/121/127105/121_127105_000025_000000.wav,,3.480000,24000,ok,,clean_speech_v1,v1,LibriTTS-R|female,neutral_speech,quality_ok;duration_2_20;English;balanced_by_dataset_and_gender;round_robin_by_speaker
121_127105_000030_000001,LibriTTS-R,test-clean,121,female,speech,English,data/datasets/speech/libritts_r/raw/LibriTTS_R/test-clean/121/127105/121_127105_000030_000001.wav,,3.040000,24000,ok,,clean_speech_v1,v1,LibriTTS-R|female,neutral_speech,quality_ok;duration_2_20;English;balanced_by_dataset_and_gender;round_robin_by_speaker
121_127105_000030_000002,LibriTTS-R,test-clean,121,female,speech,English,data/datasets/speech/libritts_r/raw/LibriTTS_R/test-clean/121/127105/121_127105_000030_000002.wav,,2.040000,24000,ok,,clean_speech_v1,v1,LibriTTS-R|female,neutral_speech,quality_ok;duration_2_20;English;balanced_by_dataset_and_gender;round_robin_by_speaker
121_127105_000032_000000,LibriTTS-R,test-clean,121,female,speech,English,data/datasets/speech/libritts_r/raw/LibriTTS_R/test-clean/121/127105/121_127105_000032_000000.wav,,2.080000,24000,ok,,clean_speech_v1,v1,LibriTTS-R|female,neutral_speech,quality_ok;duration_2_20;English;balanced_by_dataset_and_gender;round_robin_by_speaker
121_127105_000033_000000,LibriTTS-R,test-clean,121,female,speech,English,data/datasets/speech/libritts_r/raw/LibriTTS_R/test-clean/121/127105/121_127105_000033_000000.wav,,5.040000,24000,ok,,clean_speech_v1,v1,LibriTTS-R|female,neutral_speech,quality_ok;duration_2_20;English;balanced_by_dataset_and_gender;round_robin_by_speaker
121_127105_000035_000000,LibriTTS-R,test-clean,121,female,speech,English,data/datasets/speech/libritts_r/raw/LibriTTS_R/test-clean/121/127105/121_127105_000035_000000.wav,,3.120000,24000,ok,,clean_speech_v1,v1,LibriTTS-R|female,neutral_speech,quality_ok;duration_2_20;English;balanced_by_dataset_and_gender;round_robin_by_speaker
121_127105_000036_000003,LibriTTS-R,test-clean,121,female,speech,English,data/datasets/speech/libritts_r/raw/LibriTTS_R/test-clean/121/127105/121_127105_000036_000003.wav,,5.680000,24000,ok,,clean_speech_v1,v1,LibriTTS-R|female,neutral_speech,quality_ok;duration_2_20;English;balanced_by_dataset_and_gender;round_robin_by_speaker
121_127105_000036_000004,LibriTTS-R,test-clean,121,female,speech,English,data/datasets/speech/libritts_r/raw/LibriTTS_R/test-clean/121/127105/121_127105_000036_000004.wav,,4.680000,24000,ok,,clean_speech_v1,v1,LibriTTS-R|female,neutral_speech,quality_ok;duration_2_20;English;balanced_by_dataset_and_gender;round_robin_by_speaker
121_127105_000037_000000,LibriTTS-R,test-clean,121,female,speech,English,data/datasets/speech/libritts_r/raw/LibriTTS_R/test-clean/121/127105/121_127105_000037_000000.wav,,3.040000,24000,ok,,clean_speech_v1,v1,LibriTTS-R|female,neutral_speech,quality_ok;duration_2_20;English;balanced_by_dataset_and_gender;round_robin_by_speaker
121_127105_000038_000001,LibriTTS-R,test-clean,121,female,speech,English,data/datasets/speech/libritts_r/raw/LibriTTS_R/test-clean/121/127105/121_127105_000038_000001.wav,,2.600000,24000,ok,,clean_speech_v1,v1,LibriTTS-R|female,neutral_speech,quality_ok;duration_2_20;English;balanced_by_dataset_and_gender;round_robin_by_speaker
121_127105_000039_000000,LibriTTS-R,test-clean,121,female,speech,English,data/datasets/speech/libritts_r/raw/LibriTTS_R/test-clean/121/127105/121_127105_000039_000000.wav,,2.440000,24000,ok,,clean_speech_v1,v1,LibriTTS-R|female,neutral_speech,quality_ok;duration_2_20;English;balanced_by_dataset_and_gender;round_robin_by_speaker
121_127105_000041_000000,LibriTTS-R,test-clean,121,female,speech,English,data/datasets/speech/libritts_r/raw/LibriTTS_R/test-clean/121/127105/121_127105_000041_000000.wav,,9.400000,24000,ok,,clean_speech_v1,v1,LibriTTS-R|female,neutral_speech,quality_ok;duration_2_20;English;balanced_by_dataset_and_gender;round_robin_by_speaker
121_127105_000041_000001,LibriTTS-R,test-clean,121,female,speech,English,data/datasets/speech/libritts_r/raw/LibriTTS_R/test-clean/121/127105/121_127105_000041_000001.wav,,11.960167,24000,ok,,clean_speech_v1,v1,LibriTTS-R|female,neutral_speech,quality_ok;duration_2_20;English;balanced_by_dataset_and_gender;round_robin_by_speaker
121_127105_000042_000001,LibriTTS-R,test-clean,121,female,speech,English,data/datasets/speech/libritts_r/raw/LibriTTS_R/test-clean/121/127105/121_127105_000042_000001.wav,,6.760000,24000,ok,,clean_speech_v1,v1,LibriTTS-R|female,neutral_speech,quality_ok;duration_2_20;English;balanced_by_dataset_and_gender;round_robin_by_speaker
121_127105_000042_000003,LibriTTS-R,test-clean,121,female,speech,English,data/datasets/speech/libritts_r/raw/LibriTTS_R/test-clean/121/127105/121_127105_000042_000003.wav,,18.280167,24000,ok,,clean_speech_v1,v1,LibriTTS-R|female,neutral_speech,quality_ok;duration_2_20;English;balanced_by_dataset_and_gender;round_robin_by_speaker
121_127105_000042_000004,LibriTTS-R,test-clean,121,female,speech,English,data/datasets/speech/libritts_r/raw/LibriTTS_R/test-clean/121/127105/121_127105_000042_000004.wav,,14.040167,24000,ok,,clean_speech_v1,v1,LibriTTS-R|female,neutral_speech,quality_ok;duration_2_20;English;balanced_by_dataset_and_gender;round_robin_by_speaker
121_127105_000042_000005,LibriTTS-R,test-clean,121,female,speech,English,data/datasets/speech/libritts_r/raw/LibriTTS_R/test-clean/121/127105/121_127105_000042_000005.wav,,15.440167,24000,ok,,clean_speech_v1,v1,LibriTTS-R|female,neutral_speech,quality_ok;duration_2_20;English;balanced_by_dataset_and_gender;round_robin_by_speaker
121_127105_000042_000006,LibriTTS-R,test-clean,121,female,speech,English,data/datasets/speech/libritts_r/raw/LibriTTS_R/test-clean/121/127105/121_127105_000042_000006.wav,,7.920000,24000,ok,,clean_speech_v1,v1,LibriTTS-R|female,neutral_speech,quality_ok;duration_2_20;English;balanced_by_dataset_and_gender;round_robin_by_speaker
121_127105_000043_000000,LibriTTS-R,test-clean,121,female,speech,English,data/datasets/speech/libritts_r/raw/LibriTTS_R/test-clean/121/127105/121_127105_000043_000000.wav,,7.240000,24000,ok,,clean_speech_v1,v1,LibriTTS-R|female,neutral_speech,quality_ok;duration_2_20;English;balanced_by_dataset_and_gender;round_robin_by_speaker
121_127105_000043_000003,LibriTTS-R,test-clean,121,female,speech,English,data/datasets/speech/libritts_r/raw/LibriTTS_R/test-clean/121/127105/121_127105_000043_000003.wav,,4.440000,24000,ok,,clean_speech_v1,v1,LibriTTS-R|female,neutral_speech,quality_ok;duration_2_20;English;balanced_by_dataset_and_gender;round_robin_by_speaker
121_127105_000043_000004,LibriTTS-R,test-clean,121,female,speech,English,data/datasets/speech/libritts_r/raw/LibriTTS_R/test-clean/121/127105/121_127105_000043_000004.wav,,4.800000,24000,ok,,clean_speech_v1,v1,LibriTTS-R|female,neutral_speech,quality_ok;duration_2_20;English;balanced_by_dataset_and_gender;round_robin_by_speaker
121_127105_000043_000006,LibriTTS-R,test-clean,121,female,speech,English,data/datasets/speech/libritts_r/raw/LibriTTS_R/test-clean/121/127105/121_127105_000043_000006.wav,,13.480167,24000,ok,,clean_speech_v1,v1,LibriTTS-R|female,neutral_speech,quality_ok;duration_2_20;English;balanced_by_dataset_and_gender;round_robin_by_speaker
1089_134686_000001_000001,LibriTTS-R,test-clean,1089,male,speech,English,data/datasets/speech/libritts_r/raw/LibriTTS_R/test-clean/1089/134686/1089_134686_000001_000001.wav,,12.800167,24000,ok,,clean_speech_v1,v1,LibriTTS-R|male,neutral_speech,quality_ok;duration_2_20;English;balanced_by_dataset_and_gender;round_robin_by_speaker
1089_134686_000002_000000,LibriTTS-R,test-clean,1089,male,speech,English,data/datasets/speech/libritts_r/raw/LibriTTS_R/test-clean/1089/134686/1089_134686_000002_000000.wav,,2.160000,24000,ok,,clean_speech_v1,v1,LibriTTS-R|male,neutral_speech,quality_ok;duration_2_20;English;balanced_by_dataset_and_gender;round_robin_by_speaker
1089_134686_000002_000001,LibriTTS-R,test-clean,1089,male,speech,English,data/datasets/speech/libritts_r/raw/LibriTTS_R/test-clean/1089/134686/1089_134686_000002_000001.wav,,5.960000,24000,ok,,clean_speech_v1,v1,LibriTTS-R|male,neutral_speech,quality_ok;duration_2_20;English;balanced_by_dataset_and_gender;round_robin_by_speaker
1089_134686_000002_000002,LibriTTS-R,test-clean,1089,male,speech,English,data/datasets/speech/libritts_r/raw/LibriTTS_R/test-clean/1089/134686/1089_134686_000002_000002.wav,,12.320167,24000,ok,,clean_speech_v1,v1,LibriTTS-R|male,neutral_speech,quality_ok;duration_2_20;English;balanced_by_dataset_and_gender;round_robin_by_speaker
1089_134686_000003_000000,LibriTTS-R,test-clean,1089,male,speech,English,data/datasets/speech/libritts_r/raw/LibriTTS_R/test-clean/1089/134686/1089_134686_000003_000000.wav,,2.160000,24000,ok,,clean_speech_v1,v1,LibriTTS-R|male,neutral_speech,quality_ok;duration_2_20;English;balanced_by_dataset_and_gender;round_robin_by_speaker
1089_134686_000007_000000,LibriTTS-R,test-clean,1089,male,speech,English,data/datasets/speech/libritts_r/raw/LibriTTS_R/test-clean/1089/134686/1089_134686_000007_000000.wav,,15.360167,24000,ok,,clean_speech_v1,v1,LibriTTS-R|male,neutral_speech,quality_ok;duration_2_20;English;balanced_by_dataset_and_gender;round_robin_by_speaker
1089_134686_000007_000002,LibriTTS-R,test-clean,1089,male,speech,English,data/datasets/speech/libritts_r/raw/LibriTTS_R/test-clean/1089/134686/1089_134686_000007_000002.wav,,10.800000,24000,ok,,clean_speech_v1,v1,LibriTTS-R|male,neutral_speech,quality_ok;duration_2_20;English;balanced_by_dataset_and_gender;round_robin_by_speaker
1089_134686_000007_000004,LibriTTS-R,test-clean,1089,male,speech,English,data/datasets/speech/libritts_r/raw/LibriTTS_R/test-clean/1089/134686/1089_134686_000007_000004.wav,,8.960000,24000,ok,,clean_speech_v1,v1,LibriTTS-R|male,neutral_speech,quality_ok;duration_2_20;English;balanced_by_dataset_and_gender;round_robin_by_speaker
1089_134686_000007_000005,LibriTTS-R,test-clean,1089,male,speech,English,data/datasets/speech/libritts_r/raw/LibriTTS_R/test-clean/1089/134686/1089_134686_000007_000005.wav,,5.280000,24000,ok,,clean_speech_v1,v1,LibriTTS-R|male,neutral_speech,quality_ok;duration_2_20;English;balanced_by_dataset_and_gender;round_robin_by_speaker
1089_134686_000009_000000,LibriTTS-R,test-clean,1089,male,speech,English,data/datasets/speech/libritts_r/raw/LibriTTS_R/test-clean/1089/134686/1089_134686_000009_000000.wav,,3.480000,24000,ok,,clean_speech_v1,v1,LibriTTS-R|male,neutral_speech,quality_ok;duration_2_20;English;balanced_by_dataset_and_gender;round_robin_by_speaker
1089_134686_000009_000001,LibriTTS-R,test-clean,1089,male,speech,English,data/datasets/speech/libritts_r/raw/LibriTTS_R/test-clean/1089/134686/1089_134686_000009_000001.wav,,9.880000,24000,ok,,clean_speech_v1,v1,LibriTTS-R|male,neutral_speech,quality_ok;duration_2_20;English;balanced_by_dataset_and_gender;round_robin_by_speaker
1089_134686_000009_000002,LibriTTS-R,test-clean,1089,male,speech,English,data/datasets/speech/libritts_r/raw/LibriTTS_R/test-clean/1089/134686/1089_134686_000009_000002.wav,,12.880167,24000,ok,,clean_speech_v1,v1,LibriTTS-R|male,neutral_speech,quality_ok;duration_2_20;English;balanced_by_dataset_and_gender;round_robin_by_speaker
1089_134686_000009_000003,LibriTTS-R,test-clean,1089,male,speech,English,data/datasets/speech/libritts_r/raw/LibriTTS_R/test-clean/1089/134686/1089_134686_000009_000003.wav,,6.000000,24000,ok,,clean_speech_v1,v1,LibriTTS-R|male,neutral_speech,quality_ok;duration_2_20;English;balanced_by_dataset_and_gender;round_robin_by_speaker
1089_134686_000009_000004,LibriTTS-R,test-clean,1089,male,speech,English,data/datasets/speech/libritts_r/raw/LibriTTS_R/test-clean/1089/134686/1089_134686_000009_000004.wav,,14.600167,24000,ok,,clean_speech_v1,v1,LibriTTS-R|male,neutral_speech,quality_ok;duration_2_20;English;balanced_by_dataset_and_gender;round_robin_by_speaker
1089_134686_000009_000005,LibriTTS-R,test-clean,1089,male,speech,English,data/datasets/speech/libritts_r/raw/LibriTTS_R/test-clean/1089/134686/1089_134686_000009_000005.wav,,9.360000,24000,ok,,clean_speech_v1,v1,LibriTTS-R|male,neutral_speech,quality_ok;duration_2_20;English;balanced_by_dataset_and_gender;round_robin_by_speaker
1089_134686_000009_000006,LibriTTS-R,test-clean,1089,male,speech,English,data/datasets/speech/libritts_r/raw/LibriTTS_R/test-clean/1089/134686/1089_134686_000009_000006.wav,,9.800000,24000,ok,,clean_speech_v1,v1,LibriTTS-R|male,neutral_speech,quality_ok;duration_2_20;English;balanced_by_dataset_and_gender;round_robin_by_speaker
1089_134686_000009_000008,LibriTTS-R,test-clean,1089,male,speech,English,data/datasets/speech/libritts_r/raw/LibriTTS_R/test-clean/1089/134686/1089_134686_000009_000008.wav,,5.760000,24000,ok,,clean_speech_v1,v1,LibriTTS-R|male,neutral_speech,quality_ok;duration_2_20;English;balanced_by_dataset_and_gender;round_robin_by_speaker
1089_134686_000009_000009,LibriTTS-R,test-clean,1089,male,speech,English,data/datasets/speech/libritts_r/raw/LibriTTS_R/test-clean/1089/134686/1089_134686_000009_000009.wav,,15.120167,24000,ok,,clean_speech_v1,v1,LibriTTS-R|male,neutral_speech,quality_ok;duration_2_20;English;balanced_by_dataset_and_gender;round_robin_by_speaker
1089_134686_000009_000010,LibriTTS-R,test-clean,1089,male,speech,English,data/datasets/speech/libritts_r/raw/LibriTTS_R/test-clean/1089/134686/1089_134686_000009_000010.wav,,12.520167,24000,ok,,clean_speech_v1,v1,LibriTTS-R|male,neutral_speech,quality_ok;duration_2_20;English;balanced_by_dataset_and_gender;round_robin_by_speaker
1089_134686_000010_000000,LibriTTS-R,test-clean,1089,male,speech,English,data/datasets/speech/libritts_r/raw/LibriTTS_R/test-clean/1089/134686/1089_134686_000010_000000.wav,,3.880000,24000,ok,,clean_speech_v1,v1,LibriTTS-R|male,neutral_speech,quality_ok;duration_2_20;English;balanced_by_dataset_and_gender;round_robin_by_speaker
1089_134686_000010_000001,LibriTTS-R,test-clean,1089,male,speech,English,data/datasets/speech/libritts_r/raw/LibriTTS_R/test-clean/1089/134686/1089_134686_000010_000001.wav,,4.080000,24000,ok,,clean_speech_v1,v1,LibriTTS-R|male,neutral_speech,quality_ok;duration_2_20;English;balanced_by_dataset_and_gender;round_robin_by_speaker
1089_134686_000011_000001,LibriTTS-R,test-clean,1089,male,speech,English,data/datasets/speech/libritts_r/raw/LibriTTS_R/test-clean/1089/134686/1089_134686_000011_000001.wav,,2.760000,24000,ok,,clean_speech_v1,v1,LibriTTS-R|male,neutral_speech,quality_ok;duration_2_20;English;balanced_by_dataset_and_gender;round_robin_by_speaker
1089_134686_000011_000003,LibriTTS-R,test-clean,1089,male,speech,English,data/datasets/speech/libritts_r/raw/LibriTTS_R/test-clean/1089/134686/1089_134686_000011_000003.wav,,7.440000,24000,ok,,clean_speech_v1,v1,LibriTTS-R|male,neutral_speech,quality_ok;duration_2_20;English;balanced_by_dataset_and_gender;round_robin_by_speaker
1089_134686_000012_000000,LibriTTS-R,test-clean,1089,male,speech,English,data/datasets/speech/libritts_r/raw/LibriTTS_R/test-clean/1089/134686/1089_134686_000012_000000.wav,,8.320000,24000,ok,,clean_speech_v1,v1,LibriTTS-R|male,neutral_speech,quality_ok;duration_2_20;English;balanced_by_dataset_and_gender;round_robin_by_speaker
1089_134686_000012_000002,LibriTTS-R,test-clean,1089,male,speech,English,data/datasets/speech/libritts_r/raw/LibriTTS_R/test-clean/1089/134686/1089_134686_000012_000002.wav,,2.680000,24000,ok,,clean_speech_v1,v1,LibriTTS-R|male,neutral_speech,quality_ok;duration_2_20;English;balanced_by_dataset_and_gender;round_robin_by_speaker
1089_134686_000012_000003,LibriTTS-R,test-clean,1089,male,speech,English,data/datasets/speech/libritts_r/raw/LibriTTS_R/test-clean/1089/134686/1089_134686_000012_000003.wav,,11.040167,24000,ok,,clean_speech_v1,v1,LibriTTS-R|male,neutral_speech,quality_ok;duration_2_20;English;balanced_by_dataset_and_gender;round_robin_by_speaker
1089_134686_000012_000004,LibriTTS-R,test-clean,1089,male,speech,English,data/datasets/speech/libritts_r/raw/LibriTTS_R/test-clean/1089/134686/1089_134686_000012_000004.wav,,4.040000,24000,ok,,clean_speech_v1,v1,LibriTTS-R|male,neutral_speech,quality_ok;duration_2_20;English;balanced_by_dataset_and_gender;round_robin_by_speaker
1089_134686_000014_000001,LibriTTS-R,test-clean,1089,male,speech,English,data/datasets/speech/libritts_r/raw/LibriTTS_R/test-clean/1089/134686/1089_134686_000014_000001.wav,,10.760000,24000,ok,,clean_speech_v1,v1,LibriTTS-R|male,neutral_speech,quality_ok;duration_2_20;English;balanced_by_dataset_and_gender;round_robin_by_speaker
1089_134686_000014_000002,LibriTTS-R,test-clean,1089,male,speech,English,data/datasets/speech/libritts_r/raw/LibriTTS_R/test-clean/1089/134686/1089_134686_000014_000002.wav,,6.840000,24000,ok,,clean_speech_v1,v1,LibriTTS-R|male,neutral_speech,quality_ok;duration_2_20;English;balanced_by_dataset_and_gender;round_robin_by_speaker
1089_134686_000015_000002,LibriTTS-R,test-clean,1089,male,speech,English,data/datasets/speech/libritts_r/raw/LibriTTS_R/test-clean/1089/134686/1089_134686_000015_000002.wav,,3.960000,24000,ok,,clean_speech_v1,v1,LibriTTS-R|male,neutral_speech,quality_ok;duration_2_20;English;balanced_by_dataset_and_gender;round_robin_by_speaker
1089_134686_000015_000003,LibriTTS-R,test-clean,1089,male,speech,English,data/datasets/speech/libritts_r/raw/LibriTTS_R/test-clean/1089/134686/1089_134686_000015_000003.wav,,5.560000,24000,ok,,clean_speech_v1,v1,LibriTTS-R|male,neutral_speech,quality_ok;duration_2_20;English;balanced_by_dataset_and_gender;round_robin_by_speaker
1089_134686_000015_000004,LibriTTS-R,test-clean,1089,male,speech,English,data/datasets/speech/libritts_r/raw/LibriTTS_R/test-clean/1089/134686/1089_134686_000015_000004.wav,,3.680000,24000,ok,,clean_speech_v1,v1,LibriTTS-R|male,neutral_speech,quality_ok;duration_2_20;English;balanced_by_dataset_and_gender;round_robin_by_speaker
1089_134686_000017_000000,LibriTTS-R,test-clean,1089,male,speech,English,data/datasets/speech/libritts_r/raw/LibriTTS_R/test-clean/1089/134686/1089_134686_000017_000000.wav,,3.120000,24000,ok,,clean_speech_v1,v1,LibriTTS-R|male,neutral_speech,quality_ok;duration_2_20;English;balanced_by_dataset_and_gender;round_robin_by_speaker
1089_134686_000018_000000,LibriTTS-R,test-clean,1089,male,speech,English,data/datasets/speech/libritts_r/raw/LibriTTS_R/test-clean/1089/134686/1089_134686_000018_000000.wav,,2.160000,24000,ok,,clean_speech_v1,v1,LibriTTS-R|male,neutral_speech,quality_ok;duration_2_20;English;balanced_by_dataset_and_gender;round_robin_by_speaker
1089_134686_000019_000000,LibriTTS-R,test-clean,1089,male,speech,English,data/datasets/speech/libritts_r/raw/LibriTTS_R/test-clean/1089/134686/1089_134686_000019_000000.wav,,3.080000,24000,ok,,clean_speech_v1,v1,LibriTTS-R|male,neutral_speech,quality_ok;duration_2_20;English;balanced_by_dataset_and_gender;round_robin_by_speaker
1089_134686_000021_000000,LibriTTS-R,test-clean,1089,male,speech,English,data/datasets/speech/libritts_r/raw/LibriTTS_R/test-clean/1089/134686/1089_134686_000021_000000.wav,,8.360000,24000,ok,,clean_speech_v1,v1,LibriTTS-R|male,neutral_speech,quality_ok;duration_2_20;English;balanced_by_dataset_and_gender;round_robin_by_speaker
1089_134686_000023_000000,LibriTTS-R,test-clean,1089,male,speech,English,data/datasets/speech/libritts_r/raw/LibriTTS_R/test-clean/1089/134686/1089_134686_000023_000000.wav,,14.760167,24000,ok,,clean_speech_v1,v1,LibriTTS-R|male,neutral_speech,quality_ok;duration_2_20;English;balanced_by_dataset_and_gender;round_robin_by_speaker
1089_134686_000023_000001,LibriTTS-R,test-clean,1089,male,speech,English,data/datasets/speech/libritts_r/raw/LibriTTS_R/test-clean/1089/134686/1089_134686_000023_000001.wav,,12.960167,24000,ok,,clean_speech_v1,v1,LibriTTS-R|male,neutral_speech,quality_ok;duration_2_20;English;balanced_by_dataset_and_gender;round_robin_by_speaker
1089_134686_000024_000000,LibriTTS-R,test-clean,1089,male,speech,English,data/datasets/speech/libritts_r/raw/LibriTTS_R/test-clean/1089/134686/1089_134686_000024_000000.wav,,9.920000,24000,ok,,clean_speech_v1,v1,LibriTTS-R|male,neutral_speech,quality_ok;duration_2_20;English;balanced_by_dataset_and_gender;round_robin_by_speaker
1089_134686_000024_000001,LibriTTS-R,test-clean,1089,male,speech,English,data/datasets/speech/libritts_r/raw/LibriTTS_R/test-clean/1089/134686/1089_134686_000024_000001.wav,,16.120167,24000,ok,,clean_speech_v1,v1,LibriTTS-R|male,neutral_speech,quality_ok;duration_2_20;English;balanced_by_dataset_and_gender;round_robin_by_speaker
1089_134686_000024_000002,LibriTTS-R,test-clean,1089,male,speech,English,data/datasets/speech/libritts_r/raw/LibriTTS_R/test-clean/1089/134686/1089_134686_000024_000002.wav,,6.040000,24000,ok,,clean_speech_v1,v1,LibriTTS-R|male,neutral_speech,quality_ok;duration_2_20;English;balanced_by_dataset_and_gender;round_robin_by_speaker
1089_134686_000024_000004,LibriTTS-R,test-clean,1089,male,speech,English,data/datasets/speech/libritts_r/raw/LibriTTS_R/test-clean/1089/134686/1089_134686_000024_000004.wav,,10.400000,24000,ok,,clean_speech_v1,v1,LibriTTS-R|male,neutral_speech,quality_ok;duration_2_20;English;balanced_by_dataset_and_gender;round_robin_by_speaker
1089_134686_000024_000005,LibriTTS-R,test-clean,1089,male,speech,English,data/datasets/speech/libritts_r/raw/LibriTTS_R/test-clean/1089/134686/1089_134686_000024_000005.wav,,12.560167,24000,ok,,clean_speech_v1,v1,LibriTTS-R|male,neutral_speech,quality_ok;duration_2_20;English;balanced_by_dataset_and_gender;round_robin_by_speaker
1089_134686_000024_000006,LibriTTS-R,test-clean,1089,male,speech,English,data/datasets/speech/libritts_r/raw/LibriTTS_R/test-clean/1089/134686/1089_134686_000024_000006.wav,,8.160000,24000,ok,,clean_speech_v1,v1,LibriTTS-R|male,neutral_speech,quality_ok;duration_2_20;English;balanced_by_dataset_and_gender;round_robin_by_speaker
1089_134686_000024_000007,LibriTTS-R,test-clean,1089,male,speech,English,data/datasets/speech/libritts_r/raw/LibriTTS_R/test-clean/1089/134686/1089_134686_000024_000007.wav,,10.880000,24000,ok,,clean_speech_v1,v1,LibriTTS-R|male,neutral_speech,quality_ok;duration_2_20;English;balanced_by_dataset_and_gender;round_robin_by_speaker
1089_134686_000026_000000,LibriTTS-R,test-clean,1089,male,speech,English,data/datasets/speech/libritts_r/raw/LibriTTS_R/test-clean/1089/134686/1089_134686_000026_000000.wav,,3.920000,24000,ok,,clean_speech_v1,v1,LibriTTS-R|male,neutral_speech,quality_ok;duration_2_20;English;balanced_by_dataset_and_gender;round_robin_by_speaker
1089_134686_000026_000001,LibriTTS-R,test-clean,1089,male,speech,English,data/datasets/speech/libritts_r/raw/LibriTTS_R/test-clean/1089/134686/1089_134686_000026_000001.wav,,3.800000,24000,ok,,clean_speech_v1,v1,LibriTTS-R|male,neutral_speech,quality_ok;duration_2_20;English;balanced_by_dataset_and_gender;round_robin_by_speaker
1089_134686_000026_000003,LibriTTS-R,test-clean,1089,male,speech,English,data/datasets/speech/libritts_r/raw/LibriTTS_R/test-clean/1089/134686/1089_134686_000026_000003.wav,,5.640000,24000,ok,,clean_speech_v1,v1,LibriTTS-R|male,neutral_speech,quality_ok;duration_2_20;English;balanced_by_dataset_and_gender;round_robin_by_speaker
1089_134686_000027_000000,LibriTTS-R,test-clean,1089,male,speech,English,data/datasets/speech/libritts_r/raw/LibriTTS_R/test-clean/1089/134686/1089_134686_000027_000000.wav,,3.280000,24000,ok,,clean_speech_v1,v1,LibriTTS-R|male,neutral_speech,quality_ok;duration_2_20;English;balanced_by_dataset_and_gender;round_robin_by_speaker
1089_134686_000027_000001,LibriTTS-R,test-clean,1089,male,speech,English,data/datasets/speech/libritts_r/raw/LibriTTS_R/test-clean/1089/134686/1089_134686_000027_000001.wav,,2.240000,24000,ok,,clean_speech_v1,v1,LibriTTS-R|male,neutral_speech,quality_ok;duration_2_20;English;balanced_by_dataset_and_gender;round_robin_by_speaker
1089_134686_000028_000001,LibriTTS-R,test-clean,1089,male,speech,English,data/datasets/speech/libritts_r/raw/LibriTTS_R/test-clean/1089/134686/1089_134686_000028_000001.wav,,2.760000,24000,ok,,clean_speech_v1,v1,LibriTTS-R|male,neutral_speech,quality_ok;duration_2_20;English;balanced_by_dataset_and_gender;round_robin_by_speaker
1089_134686_000028_000002,LibriTTS-R,test-clean,1089,male,speech,English,data/datasets/speech/libritts_r/raw/LibriTTS_R/test-clean/1089/134686/1089_134686_000028_000002.wav,,4.280000,24000,ok,,clean_speech_v1,v1,LibriTTS-R|male,neutral_speech,quality_ok;duration_2_20;English;balanced_by_dataset_and_gender;round_robin_by_speaker
1089_134686_000028_000003,LibriTTS-R,test-clean,1089,male,speech,English,data/datasets/speech/libritts_r/raw/LibriTTS_R/test-clean/1089/134686/1089_134686_000028_000003.wav,,4.880000,24000,ok,,clean_speech_v1,v1,LibriTTS-R|male,neutral_speech,quality_ok;duration_2_20;English;balanced_by_dataset_and_gender;round_robin_by_speaker
1089_134686_000028_000004,LibriTTS-R,test-clean,1089,male,speech,English,data/datasets/speech/libritts_r/raw/LibriTTS_R/test-clean/1089/134686/1089_134686_000028_000004.wav,,5.280000,24000,ok,,clean_speech_v1,v1,LibriTTS-R|male,neutral_speech,quality_ok;duration_2_20;English;balanced_by_dataset_and_gender;round_robin_by_speaker
1089_134686_000028_000006,LibriTTS-R,test-clean,1089,male,speech,English,data/datasets/speech/libritts_r/raw/LibriTTS_R/test-clean/1089/134686/1089_134686_000028_000006.wav,,6.800000,24000,ok,,clean_speech_v1,v1,LibriTTS-R|male,neutral_speech,quality_ok;duration_2_20;English;balanced_by_dataset_and_gender;round_robin_by_speaker
1089_134686_000028_000007,LibriTTS-R,test-clean,1089,male,speech,English,data/datasets/speech/libritts_r/raw/LibriTTS_R/test-clean/1089/134686/1089_134686_000028_000007.wav,,2.400000,24000,ok,,clean_speech_v1,v1,LibriTTS-R|male,neutral_speech,quality_ok;duration_2_20;English;balanced_by_dataset_and_gender;round_robin_by_speaker
1089_134686_000028_000008,LibriTTS-R,test-clean,1089,male,speech,English,data/datasets/speech/libritts_r/raw/LibriTTS_R/test-clean/1089/134686/1089_134686_000028_000008.wav,,3.640000,24000,ok,,clean_speech_v1,v1,LibriTTS-R|male,neutral_speech,quality_ok;duration_2_20;English;balanced_by_dataset_and_gender;round_robin_by_speaker
1089_134686_000030_000000,LibriTTS-R,test-clean,1089,male,speech,English,data/datasets/speech/libritts_r/raw/LibriTTS_R/test-clean/1089/134686/1089_134686_000030_000000.wav,,5.560000,24000,ok,,clean_speech_v1,v1,LibriTTS-R|male,neutral_speech,quality_ok;duration_2_20;English;balanced_by_dataset_and_gender;round_robin_by_speaker
1089_134686_000030_000001,LibriTTS-R,test-clean,1089,male,speech,English,data/datasets/speech/libritts_r/raw/LibriTTS_R/test-clean/1089/134686/1089_134686_000030_000001.wav,,5.840000,24000,ok,,clean_speech_v1,v1,LibriTTS-R|male,neutral_speech,quality_ok;duration_2_20;English;balanced_by_dataset_and_gender;round_robin_by_speaker
1089_134686_000032_000000,LibriTTS-R,test-clean,1089,male,speech,English,data/datasets/speech/libritts_r/raw/LibriTTS_R/test-clean/1089/134686/1089_134686_000032_000000.wav,,6.800000,24000,ok,,clean_speech_v1,v1,LibriTTS-R|male,neutral_speech,quality_ok;duration_2_20;English;balanced_by_dataset_and_gender;round_robin_by_speaker
1089_134686_000032_000001,LibriTTS-R,test-clean,1089,male,speech,English,data/datasets/speech/libritts_r/raw/LibriTTS_R/test-clean/1089/134686/1089_134686_000032_000001.wav,,7.520000,24000,ok,,clean_speech_v1,v1,LibriTTS-R|male,neutral_speech,quality_ok;duration_2_20;English;balanced_by_dataset_and_gender;round_robin_by_speaker
1089_134686_000032_000004,LibriTTS-R,test-clean,1089,male,speech,English,data/datasets/speech/libritts_r/raw/LibriTTS_R/test-clean/1089/134686/1089_134686_000032_000004.wav,,3.360000,24000,ok,,clean_speech_v1,v1,LibriTTS-R|male,neutral_speech,quality_ok;duration_2_20;English;balanced_by_dataset_and_gender;round_robin_by_speaker
1089_134686_000032_000005,LibriTTS-R,test-clean,1089,male,speech,English,data/datasets/speech/libritts_r/raw/LibriTTS_R/test-clean/1089/134686/1089_134686_000032_000005.wav,,7.840000,24000,ok,,clean_speech_v1,v1,LibriTTS-R|male,neutral_speech,quality_ok;duration_2_20;English;balanced_by_dataset_and_gender;round_robin_by_speaker
1089_134686_000032_000006,LibriTTS-R,test-clean,1089,male,speech,English,data/datasets/speech/libritts_r/raw/LibriTTS_R/test-clean/1089/134686/1089_134686_000032_000006.wav,,5.520000,24000,ok,,clean_speech_v1,v1,LibriTTS-R|male,neutral_speech,quality_ok;duration_2_20;English;balanced_by_dataset_and_gender;round_robin_by_speaker
p225_001_mic1,VCTK Corpus 0.92,full local extraction,p225,female,speech,English,data/datasets/speech/vctk/raw/VCTK-Corpus-0.92/wav48_silence_trimmed/p225/p225_001_mic1.flac,,2.051521,48000,ok,canonical mic1 flac,clean_speech_v1,v1,VCTK Corpus 0.92|female,neutral_speech,quality_ok;duration_2_20;English;balanced_by_dataset_and_gender;round_robin_by_speaker
p225_027_mic1,VCTK Corpus 0.92,full local extraction,p225,female,speech,English,data/datasets/speech/vctk/raw/VCTK-Corpus-0.92/wav48_silence_trimmed/p225/p225_027_mic1.flac,,2.631729,48000,ok,canonical mic1 flac,clean_speech_v1,v1,VCTK Corpus 0.92|female,neutral_speech,quality_ok;duration_2_20;English;balanced_by_dataset_and_gender;round_robin_by_speaker
p225_028_mic1,VCTK Corpus 0.92,full local extraction,p225,female,speech,English,data/datasets/speech/vctk/raw/VCTK-Corpus-0.92/wav48_silence_trimmed/p225/p225_028_mic1.flac,,2.132479,48000,ok,canonical mic1 flac,clean_speech_v1,v1,VCTK Corpus 0.92|female,neutral_speech,quality_ok;duration_2_20;English;balanced_by_dataset_and_gender;round_robin_by_speaker
p225_040_mic1,VCTK Corpus 0.92,full local extraction,p225,female,speech,English,data/datasets/speech/vctk/raw/VCTK-Corpus-0.92/wav48_silence_trimmed/p225/p225_040_mic1.flac,,2.161333,48000,ok,canonical mic1 flac,clean_speech_v1,v1,VCTK Corpus 0.92|female,neutral_speech,quality_ok;duration_2_20;English;balanced_by_dataset_and_gender;round_robin_by_speaker
p225_049_mic1,VCTK Corpus 0.92,full local extraction,p225,female,speech,English,data/datasets/speech/vctk/raw/VCTK-Corpus-0.92/wav48_silence_trimmed/p225/p225_049_mic1.flac,,2.005271,48000,ok,canonical mic1 flac,clean_speech_v1,v1,VCTK Corpus 0.92|female,neutral_speech,quality_ok;duration_2_20;English;balanced_by_dataset_and_gender;round_robin_by_speaker
p225_051_mic1,VCTK Corpus 0.92,full local extraction,p225,female,speech,English,data/datasets/speech/vctk/raw/VCTK-Corpus-0.92/wav48_silence_trimmed/p225/p225_051_mic1.flac,,2.292083,48000,ok,canonical mic1 flac,clean_speech_v1,v1,VCTK Corpus 0.92|female,neutral_speech,quality_ok;duration_2_20;English;balanced_by_dataset_and_gender;round_robin_by_speaker
p225_053_mic1,VCTK Corpus 0.92,full local extraction,p225,female,speech,English,data/datasets/speech/vctk/raw/VCTK-Corpus-0.92/wav48_silence_trimmed/p225/p225_053_mic1.flac,,2.537542,48000,ok,canonical mic1 flac,clean_speech_v1,v1,VCTK Corpus 0.92|female,neutral_speech,quality_ok;duration_2_20;English;balanced_by_dataset_and_gender;round_robin_by_speaker
p225_063_mic1,VCTK Corpus 0.92,full local extraction,p225,female,speech,English,data/datasets/speech/vctk/raw/VCTK-Corpus-0.92/wav48_silence_trimmed/p225/p225_063_mic1.flac,,2.783667,48000,ok,canonical mic1 flac,clean_speech_v1,v1,VCTK Corpus 0.92|female,neutral_speech,quality_ok;duration_2_20;English;balanced_by_dataset_and_gender;round_robin_by_speaker
p225_065_mic1,VCTK Corpus 0.92,full local extraction,p225,female,speech,English,data/datasets/speech/vctk/raw/VCTK-Corpus-0.92/wav48_silence_trimmed/p225/p225_065_mic1.flac,,2.528500,48000,ok,canonical mic1 flac,clean_speech_v1,v1,VCTK Corpus 0.92|female,neutral_speech,quality_ok;duration_2_20;English;balanced_by_dataset_and_gender;round_robin_by_speaker
p225_070_mic1,VCTK Corpus 0.92,full local extraction,p225,female,speech,English,data/datasets/speech/vctk/raw/VCTK-Corpus-0.92/wav48_silence_trimmed/p225/p225_070_mic1.flac,,2.304958,48000,ok,canonical mic1 flac,clean_speech_v1,v1,VCTK Corpus 0.92|female,neutral_speech,quality_ok;duration_2_20;English;balanced_by_dataset_and_gender;round_robin_by_speaker
p225_071_mic1,VCTK Corpus 0.92,full local extraction,p225,female,speech,English,data/datasets/speech/vctk/raw/VCTK-Corpus-0.92/wav48_silence_trimmed/p225/p225_071_mic1.flac,,2.082896,48000,ok,canonical mic1 flac,clean_speech_v1,v1,VCTK Corpus 0.92|female,neutral_speech,quality_ok;duration_2_20;English;balanced_by_dataset_and_gender;round_robin_by_speaker
p225_073_mic1,VCTK Corpus 0.92,full local extraction,p225,female,speech,English,data/datasets/speech/vctk/raw/VCTK-Corpus-0.92/wav48_silence_trimmed/p225/p225_073_mic1.flac,,2.512583,48000,ok,canonical mic1 flac,clean_speech_v1,v1,VCTK Corpus 0.92|female,neutral_speech,quality_ok;duration_2_20;English;balanced_by_dataset_and_gender;round_robin_by_speaker
p225_109_mic1,VCTK Corpus 0.92,full local extraction,p225,female,speech,English,data/datasets/speech/vctk/raw/VCTK-Corpus-0.92/wav48_silence_trimmed/p225/p225_109_mic1.flac,,2.244687,48000,ok,canonical mic1 flac,clean_speech_v1,v1,VCTK Corpus 0.92|female,neutral_speech,quality_ok;duration_2_20;English;balanced_by_dataset_and_gender;round_robin_by_speaker
p225_111_mic1,VCTK Corpus 0.92,full local extraction,p225,female,speech,English,data/datasets/speech/vctk/raw/VCTK-Corpus-0.92/wav48_silence_trimmed/p225/p225_111_mic1.flac,,2.307521,48000,ok,canonical mic1 flac,clean_speech_v1,v1,VCTK Corpus 0.92|female,neutral_speech,quality_ok;duration_2_20;English;balanced_by_dataset_and_gender;round_robin_by_speaker
p225_121_mic1,VCTK Corpus 0.92,full local extraction,p225,female,speech,English,data/datasets/speech/vctk/raw/VCTK-Corpus-0.92/wav48_silence_trimmed/p225/p225_121_mic1.flac,,2.344000,48000,ok,canonical mic1 flac,clean_speech_v1,v1,VCTK Corpus 0.92|female,neutral_speech,quality_ok;duration_2_20;English;balanced_by_dataset_and_gender;round_robin_by_speaker
p225_122_mic1,VCTK Corpus 0.92,full local extraction,p225,female,speech,English,data/datasets/speech/vctk/raw/VCTK-Corpus-0.92/wav48_silence_trimmed/p225/p225_122_mic1.flac,,2.471167,48000,ok,canonical mic1 flac,clean_speech_v1,v1,VCTK Corpus 0.92|female,neutral_speech,quality_ok;duration_2_20;English;balanced_by_dataset_and_gender;round_robin_by_speaker
p225_142_mic1,VCTK Corpus 0.92,full local extraction,p225,female,speech,English,data/datasets/speech/vctk/raw/VCTK-Corpus-0.92/wav48_silence_trimmed/p225/p225_142_mic1.flac,,2.489729,48000,ok,canonical mic1 flac,clean_speech_v1,v1,VCTK Corpus 0.92|female,neutral_speech,quality_ok;duration_2_20;English;balanced_by_dataset_and_gender;round_robin_by_speaker
p225_145_mic1,VCTK Corpus 0.92,full local extraction,p225,female,speech,English,data/datasets/speech/vctk/raw/VCTK-Corpus-0.92/wav48_silence_trimmed/p225/p225_145_mic1.flac,,2.010312,48000,ok,canonical mic1 flac,clean_speech_v1,v1,VCTK Corpus 0.92|female,neutral_speech,quality_ok;duration_2_20;English;balanced_by_dataset_and_gender;round_robin_by_speaker
p225_153_mic1,VCTK Corpus 0.92,full local extraction,p225,female,speech,English,data/datasets/speech/vctk/raw/VCTK-Corpus-0.92/wav48_silence_trimmed/p225/p225_153_mic1.flac,,2.484667,48000,ok,canonical mic1 flac,clean_speech_v1,v1,VCTK Corpus 0.92|female,neutral_speech,quality_ok;duration_2_20;English;balanced_by_dataset_and_gender;round_robin_by_speaker
p225_159_mic1,VCTK Corpus 0.92,full local extraction,p225,female,speech,English,data/datasets/speech/vctk/raw/VCTK-Corpus-0.92/wav48_silence_trimmed/p225/p225_159_mic1.flac,,2.528417,48000,ok,canonical mic1 flac,clean_speech_v1,v1,VCTK Corpus 0.92|female,neutral_speech,quality_ok;duration_2_20;English;balanced_by_dataset_and_gender;round_robin_by_speaker
p225_172_mic1,VCTK Corpus 0.92,full local extraction,p225,female,speech,English,data/datasets/speech/vctk/raw/VCTK-Corpus-0.92/wav48_silence_trimmed/p225/p225_172_mic1.flac,,2.555375,48000,ok,canonical mic1 flac,clean_speech_v1,v1,VCTK Corpus 0.92|female,neutral_speech,quality_ok;duration_2_20;English;balanced_by_dataset_and_gender;round_robin_by_speaker
p225_179_mic1,VCTK Corpus 0.92,full local extraction,p225,female,speech,English,data/datasets/speech/vctk/raw/VCTK-Corpus-0.92/wav48_silence_trimmed/p225/p225_179_mic1.flac,,2.187438,48000,ok,canonical mic1 flac,clean_speech_v1,v1,VCTK Corpus 0.92|female,neutral_speech,quality_ok;duration_2_20;English;balanced_by_dataset_and_gender;round_robin_by_speaker
p225_182_mic1,VCTK Corpus 0.92,full local extraction,p225,female,speech,English,data/datasets/speech/vctk/raw/VCTK-Corpus-0.92/wav48_silence_trimmed/p225/p225_182_mic1.flac,,2.518021,48000,ok,canonical mic1 flac,clean_speech_v1,v1,VCTK Corpus 0.92|female,neutral_speech,quality_ok;duration_2_20;English;balanced_by_dataset_and_gender;round_robin_by_speaker
p225_191_mic1,VCTK Corpus 0.92,full local extraction,p225,female,speech,English,data/datasets/speech/vctk/raw/VCTK-Corpus-0.92/wav48_silence_trimmed/p225/p225_191_mic1.flac,,2.324021,48000,ok,canonical mic1 flac,clean_speech_v1,v1,VCTK Corpus 0.92|female,neutral_speech,quality_ok;duration_2_20;English;balanced_by_dataset_and_gender;round_robin_by_speaker
p225_197_mic1,VCTK Corpus 0.92,full local extraction,p225,female,speech,English,data/datasets/speech/vctk/raw/VCTK-Corpus-0.92/wav48_silence_trimmed/p225/p225_197_mic1.flac,,2.307875,48000,ok,canonical mic1 flac,clean_speech_v1,v1,VCTK Corpus 0.92|female,neutral_speech,quality_ok;duration_2_20;English;balanced_by_dataset_and_gender;round_robin_by_speaker
p225_199_mic1,VCTK Corpus 0.92,full local extraction,p225,female,speech,English,data/datasets/speech/vctk/raw/VCTK-Corpus-0.92/wav48_silence_trimmed/p225/p225_199_mic1.flac,,2.025833,48000,ok,canonical mic1 flac,clean_speech_v1,v1,VCTK Corpus 0.92|female,neutral_speech,quality_ok;duration_2_20;English;balanced_by_dataset_and_gender;round_robin_by_speaker
p225_208_mic1,VCTK Corpus 0.92,full local extraction,p225,female,speech,English,data/datasets/speech/vctk/raw/VCTK-Corpus-0.92/wav48_silence_trimmed/p225/p225_208_mic1.flac,,2.623063,48000,ok,canonical mic1 flac,clean_speech_v1,v1,VCTK Corpus 0.92|female,neutral_speech,quality_ok;duration_2_20;English;balanced_by_dataset_and_gender;round_robin_by_speaker
p225_221_mic1,VCTK Corpus 0.92,full local extraction,p225,female,speech,English,data/datasets/speech/vctk/raw/VCTK-Corpus-0.92/wav48_silence_trimmed/p225/p225_221_mic1.flac,,2.717125,48000,ok,canonical mic1 flac,clean_speech_v1,v1,VCTK Corpus 0.92|female,neutral_speech,quality_ok;duration_2_20;English;balanced_by_dataset_and_gender;round_robin_by_speaker
p225_223_mic1,VCTK Corpus 0.92,full local extraction,p225,female,speech,English,data/datasets/speech/vctk/raw/VCTK-Corpus-0.92/wav48_silence_trimmed/p225/p225_223_mic1.flac,,2.768167,48000,ok,canonical mic1 flac,clean_speech_v1,v1,VCTK Corpus 0.92|female,neutral_speech,quality_ok;duration_2_20;English;balanced_by_dataset_and_gender;round_robin_by_speaker
p225_225_mic1,VCTK Corpus 0.92,full local extraction,p225,female,speech,English,data/datasets/speech/vctk/raw/VCTK-Corpus-0.92/wav48_silence_trimmed/p225/p225_225_mic1.flac,,2.289667,48000,ok,canonical mic1 flac,clean_speech_v1,v1,VCTK Corpus 0.92|female,neutral_speech,quality_ok;duration_2_20;English;balanced_by_dataset_and_gender;round_robin_by_speaker
p225_240_mic1,VCTK Corpus 0.92,full local extraction,p225,female,speech,English,data/datasets/speech/vctk/raw/VCTK-Corpus-0.92/wav48_silence_trimmed/p225/p225_240_mic1.flac,,2.316562,48000,ok,canonical mic1 flac,clean_speech_v1,v1,VCTK Corpus 0.92|female,neutral_speech,quality_ok;duration_2_20;English;balanced_by_dataset_and_gender;round_robin_by_speaker
p225_243_mic1,VCTK Corpus 0.92,full local extraction,p225,female,speech,English,data/datasets/speech/vctk/raw/VCTK-Corpus-0.92/wav48_silence_trimmed/p225/p225_243_mic1.flac,,2.450667,48000,ok,canonical mic1 flac,clean_speech_v1,v1,VCTK Corpus 0.92|female,neutral_speech,quality_ok;duration_2_20;English;balanced_by_dataset_and_gender;round_robin_by_speaker
p225_244_mic1,VCTK Corpus 0.92,full local extraction,p225,female,speech,English,data/datasets/speech/vctk/raw/VCTK-Corpus-0.92/wav48_silence_trimmed/p225/p225_244_mic1.flac,,2.538458,48000,ok,canonical mic1 flac,clean_speech_v1,v1,VCTK Corpus 0.92|female,neutral_speech,quality_ok;duration_2_20;English;balanced_by_dataset_and_gender;round_robin_by_speaker
p225_248_mic1,VCTK Corpus 0.92,full local extraction,p225,female,speech,English,data/datasets/speech/vctk/raw/VCTK-Corpus-0.92/wav48_silence_trimmed/p225/p225_248_mic1.flac,,2.155542,48000,ok,canonical mic1 flac,clean_speech_v1,v1,VCTK Corpus 0.92|female,neutral_speech,quality_ok;duration_2_20;English;balanced_by_dataset_and_gender;round_robin_by_speaker
p225_254_mic1,VCTK Corpus 0.92,full local extraction,p225,female,speech,English,data/datasets/speech/vctk/raw/VCTK-Corpus-0.92/wav48_silence_trimmed/p225/p225_254_mic1.flac,,2.538979,48000,ok,canonical mic1 flac,clean_speech_v1,v1,VCTK Corpus 0.92|female,neutral_speech,quality_ok;duration_2_20;English;balanced_by_dataset_and_gender;round_robin_by_speaker
p225_257_mic1,VCTK Corpus 0.92,full local extraction,p225,female,speech,English,data/datasets/speech/vctk/raw/VCTK-Corpus-0.92/wav48_silence_trimmed/p225/p225_257_mic1.flac,,2.363875,48000,ok,canonical mic1 flac,clean_speech_v1,v1,VCTK Corpus 0.92|female,neutral_speech,quality_ok;duration_2_20;English;balanced_by_dataset_and_gender;round_robin_by_speaker
p225_258_mic1,VCTK Corpus 0.92,full local extraction,p225,female,speech,English,data/datasets/speech/vctk/raw/VCTK-Corpus-0.92/wav48_silence_trimmed/p225/p225_258_mic1.flac,,2.681062,48000,ok,canonical mic1 flac,clean_speech_v1,v1,VCTK Corpus 0.92|female,neutral_speech,quality_ok;duration_2_20;English;balanced_by_dataset_and_gender;round_robin_by_speaker
p225_281_mic1,VCTK Corpus 0.92,full local extraction,p225,female,speech,English,data/datasets/speech/vctk/raw/VCTK-Corpus-0.92/wav48_silence_trimmed/p225/p225_281_mic1.flac,,2.781083,48000,ok,canonical mic1 flac,clean_speech_v1,v1,VCTK Corpus 0.92|female,neutral_speech,quality_ok;duration_2_20;English;balanced_by_dataset_and_gender;round_robin_by_speaker
p225_285_mic1,VCTK Corpus 0.92,full local extraction,p225,female,speech,English,data/datasets/speech/vctk/raw/VCTK-Corpus-0.92/wav48_silence_trimmed/p225/p225_285_mic1.flac,,2.677313,48000,ok,canonical mic1 flac,clean_speech_v1,v1,VCTK Corpus 0.92|female,neutral_speech,quality_ok;duration_2_20;English;balanced_by_dataset_and_gender;round_robin_by_speaker
p225_286_mic1,VCTK Corpus 0.92,full local extraction,p225,female,speech,English,data/datasets/speech/vctk/raw/VCTK-Corpus-0.92/wav48_silence_trimmed/p225/p225_286_mic1.flac,,2.756833,48000,ok,canonical mic1 flac,clean_speech_v1,v1,VCTK Corpus 0.92|female,neutral_speech,quality_ok;duration_2_20;English;balanced_by_dataset_and_gender;round_robin_by_speaker
p225_296_mic1,VCTK Corpus 0.92,full local extraction,p225,female,speech,English,data/datasets/speech/vctk/raw/VCTK-Corpus-0.92/wav48_silence_trimmed/p225/p225_296_mic1.flac,,2.586375,48000,ok,canonical mic1 flac,clean_speech_v1,v1,VCTK Corpus 0.92|female,neutral_speech,quality_ok;duration_2_20;English;balanced_by_dataset_and_gender;round_robin_by_speaker
p225_300_mic1,VCTK Corpus 0.92,full local extraction,p225,female,speech,English,data/datasets/speech/vctk/raw/VCTK-Corpus-0.92/wav48_silence_trimmed/p225/p225_300_mic1.flac,,2.252458,48000,ok,canonical mic1 flac,clean_speech_v1,v1,VCTK Corpus 0.92|female,neutral_speech,quality_ok;duration_2_20;English;balanced_by_dataset_and_gender;round_robin_by_speaker
p225_301_mic1,VCTK Corpus 0.92,full local extraction,p225,female,speech,English,data/datasets/speech/vctk/raw/VCTK-Corpus-0.92/wav48_silence_trimmed/p225/p225_301_mic1.flac,,2.719354,48000,ok,canonical mic1 flac,clean_speech_v1,v1,VCTK Corpus 0.92|female,neutral_speech,quality_ok;duration_2_20;English;balanced_by_dataset_and_gender;round_robin_by_speaker
p225_308_mic1,VCTK Corpus 0.92,full local extraction,p225,female,speech,English,data/datasets/speech/vctk/raw/VCTK-Corpus-0.92/wav48_silence_trimmed/p225/p225_308_mic1.flac,,2.564646,48000,ok,canonical mic1 flac,clean_speech_v1,v1,VCTK Corpus 0.92|female,neutral_speech,quality_ok;duration_2_20;English;balanced_by_dataset_and_gender;round_robin_by_speaker
p225_312_mic1,VCTK Corpus 0.92,full local extraction,p225,female,speech,English,data/datasets/speech/vctk/raw/VCTK-Corpus-0.92/wav48_silence_trimmed/p225/p225_312_mic1.flac,,2.652125,48000,ok,canonical mic1 flac,clean_speech_v1,v1,VCTK Corpus 0.92|female,neutral_speech,quality_ok;duration_2_20;English;balanced_by_dataset_and_gender;round_robin_by_speaker
p225_319_mic1,VCTK Corpus 0.92,full local extraction,p225,female,speech,English,data/datasets/speech/vctk/raw/VCTK-Corpus-0.92/wav48_silence_trimmed/p225/p225_319_mic1.flac,,2.740813,48000,ok,canonical mic1 flac,clean_speech_v1,v1,VCTK Corpus 0.92|female,neutral_speech,quality_ok;duration_2_20;English;balanced_by_dataset_and_gender;round_robin_by_speaker
p225_323_mic1,VCTK Corpus 0.92,full local extraction,p225,female,speech,English,data/datasets/speech/vctk/raw/VCTK-Corpus-0.92/wav48_silence_trimmed/p225/p225_323_mic1.flac,,2.203021,48000,ok,canonical mic1 flac,clean_speech_v1,v1,VCTK Corpus 0.92|female,neutral_speech,quality_ok;duration_2_20;English;balanced_by_dataset_and_gender;round_robin_by_speaker
p225_324_mic1,VCTK Corpus 0.92,full local extraction,p225,female,speech,English,data/datasets/speech/vctk/raw/VCTK-Corpus-0.92/wav48_silence_trimmed/p225/p225_324_mic1.flac,,2.263625,48000,ok,canonical mic1 flac,clean_speech_v1,v1,VCTK Corpus 0.92|female,neutral_speech,quality_ok;duration_2_20;English;balanced_by_dataset_and_gender;round_robin_by_speaker
p225_326_mic1,VCTK Corpus 0.92,full local extraction,p225,female,speech,English,data/datasets/speech/vctk/raw/VCTK-Corpus-0.92/wav48_silence_trimmed/p225/p225_326_mic1.flac,,2.127750,48000,ok,canonical mic1 flac,clean_speech_v1,v1,VCTK Corpus 0.92|female,neutral_speech,quality_ok;duration_2_20;English;balanced_by_dataset_and_gender;round_robin_by_speaker
p225_328_mic1,VCTK Corpus 0.92,full local extraction,p225,female,speech,English,data/datasets/speech/vctk/raw/VCTK-Corpus-0.92/wav48_silence_trimmed/p225/p225_328_mic1.flac,,2.343729,48000,ok,canonical mic1 flac,clean_speech_v1,v1,VCTK Corpus 0.92|female,neutral_speech,quality_ok;duration_2_20;English;balanced_by_dataset_and_gender;round_robin_by_speaker
p225_335_mic1,VCTK Corpus 0.92,full local extraction,p225,female,speech,English,data/datasets/speech/vctk/raw/VCTK-Corpus-0.92/wav48_silence_trimmed/p225/p225_335_mic1.flac,,2.420792,48000,ok,canonical mic1 flac,clean_speech_v1,v1,VCTK Corpus 0.92|female,neutral_speech,quality_ok;duration_2_20;English;balanced_by_dataset_and_gender;round_robin_by_speaker
p225_337_mic1,VCTK Corpus 0.92,full local extraction,p225,female,speech,English,data/datasets/speech/vctk/raw/VCTK-Corpus-0.92/wav48_silence_trimmed/p225/p225_337_mic1.flac,,2.390312,48000,ok,canonical mic1 flac,clean_speech_v1,v1,VCTK Corpus 0.92|female,neutral_speech,quality_ok;duration_2_20;English;balanced_by_dataset_and_gender;round_robin_by_speaker
p225_346_mic1,VCTK Corpus 0.92,full local extraction,p225,female,speech,English,data/datasets/speech/vctk/raw/VCTK-Corpus-0.92/wav48_silence_trimmed/p225/p225_346_mic1.flac,,2.698229,48000,ok,canonical mic1 flac,clean_speech_v1,v1,VCTK Corpus 0.92|female,neutral_speech,quality_ok;duration_2_20;English;balanced_by_dataset_and_gender;round_robin_by_speaker
p225_347_mic1,VCTK Corpus 0.92,full local extraction,p225,female,speech,English,data/datasets/speech/vctk/raw/VCTK-Corpus-0.92/wav48_silence_trimmed/p225/p225_347_mic1.flac,,2.353271,48000,ok,canonical mic1 flac,clean_speech_v1,v1,VCTK Corpus 0.92|female,neutral_speech,quality_ok;duration_2_20;English;balanced_by_dataset_and_gender;round_robin_by_speaker
p225_349_mic1,VCTK Corpus 0.92,full local extraction,p225,female,speech,English,data/datasets/speech/vctk/raw/VCTK-Corpus-0.92/wav48_silence_trimmed/p225/p225_349_mic1.flac,,2.128833,48000,ok,canonical mic1 flac,clean_speech_v1,v1,VCTK Corpus 0.92|female,neutral_speech,quality_ok;duration_2_20;English;balanced_by_dataset_and_gender;round_robin_by_speaker
p225_351_mic1,VCTK Corpus 0.92,full local extraction,p225,female,speech,English,data/datasets/speech/vctk/raw/VCTK-Corpus-0.92/wav48_silence_trimmed/p225/p225_351_mic1.flac,,2.661646,48000,ok,canonical mic1 flac,clean_speech_v1,v1,VCTK Corpus 0.92|female,neutral_speech,quality_ok;duration_2_20;English;balanced_by_dataset_and_gender;round_robin_by_speaker
p225_352_mic1,VCTK Corpus 0.92,full local extraction,p225,female,speech,English,data/datasets/speech/vctk/raw/VCTK-Corpus-0.92/wav48_silence_trimmed/p225/p225_352_mic1.flac,,2.766896,48000,ok,canonical mic1 flac,clean_speech_v1,v1,VCTK Corpus 0.92|female,neutral_speech,quality_ok;duration_2_20;English;balanced_by_dataset_and_gender;round_robin_by_speaker
p225_353_mic1,VCTK Corpus 0.92,full local extraction,p225,female,speech,English,data/datasets/speech/vctk/raw/VCTK-Corpus-0.92/wav48_silence_trimmed/p225/p225_353_mic1.flac,,2.699396,48000,ok,canonical mic1 flac,clean_speech_v1,v1,VCTK Corpus 0.92|female,neutral_speech,quality_ok;duration_2_20;English;balanced_by_dataset_and_gender;round_robin_by_speaker
p225_359_mic1,VCTK Corpus 0.92,full local extraction,p225,female,speech,English,data/datasets/speech/vctk/raw/VCTK-Corpus-0.92/wav48_silence_trimmed/p225/p225_359_mic1.flac,,2.448437,48000,ok,canonical mic1 flac,clean_speech_v1,v1,VCTK Corpus 0.92|female,neutral_speech,quality_ok;duration_2_20;English;balanced_by_dataset_and_gender;round_robin_by_speaker
p225_363_mic1,VCTK Corpus 0.92,full local extraction,p225,female,speech,English,data/datasets/speech/vctk/raw/VCTK-Corpus-0.92/wav48_silence_trimmed/p225/p225_363_mic1.flac,,2.587229,48000,ok,canonical mic1 flac,clean_speech_v1,v1,VCTK Corpus 0.92|female,neutral_speech,quality_ok;duration_2_20;English;balanced_by_dataset_and_gender;round_robin_by_speaker
p228_001_mic1,VCTK Corpus 0.92,full local extraction,p228,female,speech,English,data/datasets/speech/vctk/raw/VCTK-Corpus-0.92/wav48_silence_trimmed/p228/p228_001_mic1.flac,,2.660521,48000,ok,canonical mic1 flac,clean_speech_v1,v1,VCTK Corpus 0.92|female,neutral_speech,quality_ok;duration_2_20;English;balanced_by_dataset_and_gender;round_robin_by_speaker
p228_025_mic1,VCTK Corpus 0.92,full local extraction,p228,female,speech,English,data/datasets/speech/vctk/raw/VCTK-Corpus-0.92/wav48_silence_trimmed/p228/p228_025_mic1.flac,,2.184604,48000,ok,canonical mic1 flac,clean_speech_v1,v1,VCTK Corpus 0.92|female,neutral_speech,quality_ok;duration_2_20;English;balanced_by_dataset_and_gender;round_robin_by_speaker
p228_027_mic1,VCTK Corpus 0.92,full local extraction,p228,female,speech,English,data/datasets/speech/vctk/raw/VCTK-Corpus-0.92/wav48_silence_trimmed/p228/p228_027_mic1.flac,,2.176604,48000,ok,canonical mic1 flac,clean_speech_v1,v1,VCTK Corpus 0.92|female,neutral_speech,quality_ok;duration_2_20;English;balanced_by_dataset_and_gender;round_robin_by_speaker
p228_030_mic1,VCTK Corpus 0.92,full local extraction,p228,female,speech,English,data/datasets/speech/vctk/raw/VCTK-Corpus-0.92/wav48_silence_trimmed/p228/p228_030_mic1.flac,,2.605167,48000,ok,canonical mic1 flac,clean_speech_v1,v1,VCTK Corpus 0.92|female,neutral_speech,quality_ok;duration_2_20;English;balanced_by_dataset_and_gender;round_robin_by_speaker
p226_001_mic1,VCTK Corpus 0.92,full local extraction,p226,male,speech,English,data/datasets/speech/vctk/raw/VCTK-Corpus-0.92/wav48_silence_trimmed/p226/p226_001_mic1.flac,,2.798708,48000,ok,canonical mic1 flac,clean_speech_v1,v1,VCTK Corpus 0.92|male,neutral_speech,quality_ok;duration_2_20;English;balanced_by_dataset_and_gender;round_robin_by_speaker
p226_025_mic1,VCTK Corpus 0.92,full local extraction,p226,male,speech,English,data/datasets/speech/vctk/raw/VCTK-Corpus-0.92/wav48_silence_trimmed/p226/p226_025_mic1.flac,,2.816917,48000,ok,canonical mic1 flac,clean_speech_v1,v1,VCTK Corpus 0.92|male,neutral_speech,quality_ok;duration_2_20;English;balanced_by_dataset_and_gender;round_robin_by_speaker
p226_026_mic1,VCTK Corpus 0.92,full local extraction,p226,male,speech,English,data/datasets/speech/vctk/raw/VCTK-Corpus-0.92/wav48_silence_trimmed/p226/p226_026_mic1.flac,,2.446000,48000,ok,canonical mic1 flac,clean_speech_v1,v1,VCTK Corpus 0.92|male,neutral_speech,quality_ok;duration_2_20;English;balanced_by_dataset_and_gender;round_robin_by_speaker
p226_039_mic1,VCTK Corpus 0.92,full local extraction,p226,male,speech,English,data/datasets/speech/vctk/raw/VCTK-Corpus-0.92/wav48_silence_trimmed/p226/p226_039_mic1.flac,,2.152521,48000,ok,canonical mic1 flac,clean_speech_v1,v1,VCTK Corpus 0.92|male,neutral_speech,quality_ok;duration_2_20;English;balanced_by_dataset_and_gender;round_robin_by_speaker
p226_040_mic1,VCTK Corpus 0.92,full local extraction,p226,male,speech,English,data/datasets/speech/vctk/raw/VCTK-Corpus-0.92/wav48_silence_trimmed/p226/p226_040_mic1.flac,,2.006792,48000,ok,canonical mic1 flac,clean_speech_v1,v1,VCTK Corpus 0.92|male,neutral_speech,quality_ok;duration_2_20;English;balanced_by_dataset_and_gender;round_robin_by_speaker
p226_047_mic1,VCTK Corpus 0.92,full local extraction,p226,male,speech,English,data/datasets/speech/vctk/raw/VCTK-Corpus-0.92/wav48_silence_trimmed/p226/p226_047_mic1.flac,,2.150792,48000,ok,canonical mic1 flac,clean_speech_v1,v1,VCTK Corpus 0.92|male,neutral_speech,quality_ok;duration_2_20;English;balanced_by_dataset_and_gender;round_robin_by_speaker
p226_048_mic1,VCTK Corpus 0.92,full local extraction,p226,male,speech,English,data/datasets/speech/vctk/raw/VCTK-Corpus-0.92/wav48_silence_trimmed/p226/p226_048_mic1.flac,,2.018187,48000,ok,canonical mic1 flac,clean_speech_v1,v1,VCTK Corpus 0.92|male,neutral_speech,quality_ok;duration_2_20;English;balanced_by_dataset_and_gender;round_robin_by_speaker
p226_049_mic1,VCTK Corpus 0.92,full local extraction,p226,male,speech,English,data/datasets/speech/vctk/raw/VCTK-Corpus-0.92/wav48_silence_trimmed/p226/p226_049_mic1.flac,,2.199937,48000,ok,canonical mic1 flac,clean_speech_v1,v1,VCTK Corpus 0.92|male,neutral_speech,quality_ok;duration_2_20;English;balanced_by_dataset_and_gender;round_robin_by_speaker
p226_052_mic1,VCTK Corpus 0.92,full local extraction,p226,male,speech,English,data/datasets/speech/vctk/raw/VCTK-Corpus-0.92/wav48_silence_trimmed/p226/p226_052_mic1.flac,,2.514000,48000,ok,canonical mic1 flac,clean_speech_v1,v1,VCTK Corpus 0.92|male,neutral_speech,quality_ok;duration_2_20;English;balanced_by_dataset_and_gender;round_robin_by_speaker
p226_053_mic1,VCTK Corpus 0.92,full local extraction,p226,male,speech,English,data/datasets/speech/vctk/raw/VCTK-Corpus-0.92/wav48_silence_trimmed/p226/p226_053_mic1.flac,,2.734375,48000,ok,canonical mic1 flac,clean_speech_v1,v1,VCTK Corpus 0.92|male,neutral_speech,quality_ok;duration_2_20;English;balanced_by_dataset_and_gender;round_robin_by_speaker
p226_057_mic1,VCTK Corpus 0.92,full local extraction,p226,male,speech,English,data/datasets/speech/vctk/raw/VCTK-Corpus-0.92/wav48_silence_trimmed/p226/p226_057_mic1.flac,,2.385646,48000,ok,canonical mic1 flac,clean_speech_v1,v1,VCTK Corpus 0.92|male,neutral_speech,quality_ok;duration_2_20;English;balanced_by_dataset_and_gender;round_robin_by_speaker
p226_059_mic1,VCTK Corpus 0.92,full local extraction,p226,male,speech,English,data/datasets/speech/vctk/raw/VCTK-Corpus-0.92/wav48_silence_trimmed/p226/p226_059_mic1.flac,,2.086167,48000,ok,canonical mic1 flac,clean_speech_v1,v1,VCTK Corpus 0.92|male,neutral_speech,quality_ok;duration_2_20;English;balanced_by_dataset_and_gender;round_robin_by_speaker
p226_063_mic1,VCTK Corpus 0.92,full local extraction,p226,male,speech,English,data/datasets/speech/vctk/raw/VCTK-Corpus-0.92/wav48_silence_trimmed/p226/p226_063_mic1.flac,,2.465438,48000,ok,canonical mic1 flac,clean_speech_v1,v1,VCTK Corpus 0.92|male,neutral_speech,quality_ok;duration_2_20;English;balanced_by_dataset_and_gender;round_robin_by_speaker
p226_066_mic1,VCTK Corpus 0.92,full local extraction,p226,male,speech,English,data/datasets/speech/vctk/raw/VCTK-Corpus-0.92/wav48_silence_trimmed/p226/p226_066_mic1.flac,,2.301208,48000,ok,canonical mic1 flac,clean_speech_v1,v1,VCTK Corpus 0.92|male,neutral_speech,quality_ok;duration_2_20;English;balanced_by_dataset_and_gender;round_robin_by_speaker
p226_067_mic1,VCTK Corpus 0.92,full local extraction,p226,male,speech,English,data/datasets/speech/vctk/raw/VCTK-Corpus-0.92/wav48_silence_trimmed/p226/p226_067_mic1.flac,,2.283292,48000,ok,canonical mic1 flac,clean_speech_v1,v1,VCTK Corpus 0.92|male,neutral_speech,quality_ok;duration_2_20;English;balanced_by_dataset_and_gender;round_robin_by_speaker
p226_078_mic1,VCTK Corpus 0.92,full local extraction,p226,male,speech,English,data/datasets/speech/vctk/raw/VCTK-Corpus-0.92/wav48_silence_trimmed/p226/p226_078_mic1.flac,,2.351729,48000,ok,canonical mic1 flac,clean_speech_v1,v1,VCTK Corpus 0.92|male,neutral_speech,quality_ok;duration_2_20;English;balanced_by_dataset_and_gender;round_robin_by_speaker
p226_079_mic1,VCTK Corpus 0.92,full local extraction,p226,male,speech,English,data/datasets/speech/vctk/raw/VCTK-Corpus-0.92/wav48_silence_trimmed/p226/p226_079_mic1.flac,,2.137812,48000,ok,canonical mic1 flac,clean_speech_v1,v1,VCTK Corpus 0.92|male,neutral_speech,quality_ok;duration_2_20;English;balanced_by_dataset_and_gender;round_robin_by_speaker
p226_083_mic1,VCTK Corpus 0.92,full local extraction,p226,male,speech,English,data/datasets/speech/vctk/raw/VCTK-Corpus-0.92/wav48_silence_trimmed/p226/p226_083_mic1.flac,,2.829333,48000,ok,canonical mic1 flac,clean_speech_v1,v1,VCTK Corpus 0.92|male,neutral_speech,quality_ok;duration_2_20;English;balanced_by_dataset_and_gender;round_robin_by_speaker
p226_091_mic1,VCTK Corpus 0.92,full local extraction,p226,male,speech,English,data/datasets/speech/vctk/raw/VCTK-Corpus-0.92/wav48_silence_trimmed/p226/p226_091_mic1.flac,,2.694937,48000,ok,canonical mic1 flac,clean_speech_v1,v1,VCTK Corpus 0.92|male,neutral_speech,quality_ok;duration_2_20;English;balanced_by_dataset_and_gender;round_robin_by_speaker
p226_093_mic1,VCTK Corpus 0.92,full local extraction,p226,male,speech,English,data/datasets/speech/vctk/raw/VCTK-Corpus-0.92/wav48_silence_trimmed/p226/p226_093_mic1.flac,,2.179375,48000,ok,canonical mic1 flac,clean_speech_v1,v1,VCTK Corpus 0.92|male,neutral_speech,quality_ok;duration_2_20;English;balanced_by_dataset_and_gender;round_robin_by_speaker
p226_097_mic1,VCTK Corpus 0.92,full local extraction,p226,male,speech,English,data/datasets/speech/vctk/raw/VCTK-Corpus-0.92/wav48_silence_trimmed/p226/p226_097_mic1.flac,,2.823271,48000,ok,canonical mic1 flac,clean_speech_v1,v1,VCTK Corpus 0.92|male,neutral_speech,quality_ok;duration_2_20;English;balanced_by_dataset_and_gender;round_robin_by_speaker
p226_098_mic1,VCTK Corpus 0.92,full local extraction,p226,male,speech,English,data/datasets/speech/vctk/raw/VCTK-Corpus-0.92/wav48_silence_trimmed/p226/p226_098_mic1.flac,,2.681771,48000,ok,canonical mic1 flac,clean_speech_v1,v1,VCTK Corpus 0.92|male,neutral_speech,quality_ok;duration_2_20;English;balanced_by_dataset_and_gender;round_robin_by_speaker
p226_101_mic1,VCTK Corpus 0.92,full local extraction,p226,male,speech,English,data/datasets/speech/vctk/raw/VCTK-Corpus-0.92/wav48_silence_trimmed/p226/p226_101_mic1.flac,,2.584000,48000,ok,canonical mic1 flac,clean_speech_v1,v1,VCTK Corpus 0.92|male,neutral_speech,quality_ok;duration_2_20;English;balanced_by_dataset_and_gender;round_robin_by_speaker
p226_103_mic1,VCTK Corpus 0.92,full local extraction,p226,male,speech,English,data/datasets/speech/vctk/raw/VCTK-Corpus-0.92/wav48_silence_trimmed/p226/p226_103_mic1.flac,,2.805333,48000,ok,canonical mic1 flac,clean_speech_v1,v1,VCTK Corpus 0.92|male,neutral_speech,quality_ok;duration_2_20;English;balanced_by_dataset_and_gender;round_robin_by_speaker
p226_105_mic1,VCTK Corpus 0.92,full local extraction,p226,male,speech,English,data/datasets/speech/vctk/raw/VCTK-Corpus-0.92/wav48_silence_trimmed/p226/p226_105_mic1.flac,,2.686187,48000,ok,canonical mic1 flac,clean_speech_v1,v1,VCTK Corpus 0.92|male,neutral_speech,quality_ok;duration_2_20;English;balanced_by_dataset_and_gender;round_robin_by_speaker
p226_111_mic1,VCTK Corpus 0.92,full local extraction,p226,male,speech,English,data/datasets/speech/vctk/raw/VCTK-Corpus-0.92/wav48_silence_trimmed/p226/p226_111_mic1.flac,,2.765333,48000,ok,canonical mic1 flac,clean_speech_v1,v1,VCTK Corpus 0.92|male,neutral_speech,quality_ok;duration_2_20;English;balanced_by_dataset_and_gender;round_robin_by_speaker
p226_117_mic1,VCTK Corpus 0.92,full local extraction,p226,male,speech,English,data/datasets/speech/vctk/raw/VCTK-Corpus-0.92/wav48_silence_trimmed/p226/p226_117_mic1.flac,,2.588208,48000,ok,canonical mic1 flac,clean_speech_v1,v1,VCTK Corpus 0.92|male,neutral_speech,quality_ok;duration_2_20;English;balanced_by_dataset_and_gender;round_robin_by_speaker
p226_125_mic1,VCTK Corpus 0.92,full local extraction,p226,male,speech,English,data/datasets/speech/vctk/raw/VCTK-Corpus-0.92/wav48_silence_trimmed/p226/p226_125_mic1.flac,,2.821479,48000,ok,canonical mic1 flac,clean_speech_v1,v1,VCTK Corpus 0.92|male,neutral_speech,quality_ok;duration_2_20;English;balanced_by_dataset_and_gender;round_robin_by_speaker
p226_129_mic1,VCTK Corpus 0.92,full local extraction,p226,male,speech,English,data/datasets/speech/vctk/raw/VCTK-Corpus-0.92/wav48_silence_trimmed/p226/p226_129_mic1.flac,,2.773750,48000,ok,canonical mic1 flac,clean_speech_v1,v1,VCTK Corpus 0.92|male,neutral_speech,quality_ok;duration_2_20;English;balanced_by_dataset_and_gender;round_robin_by_speaker
p226_131_mic1,VCTK Corpus 0.92,full local extraction,p226,male,speech,English,data/datasets/speech/vctk/raw/VCTK-Corpus-0.92/wav48_silence_trimmed/p226/p226_131_mic1.flac,,2.119937,48000,ok,canonical mic1 flac,clean_speech_v1,v1,VCTK Corpus 0.92|male,neutral_speech,quality_ok;duration_2_20;English;balanced_by_dataset_and_gender;round_robin_by_speaker
p226_137_mic1,VCTK Corpus 0.92,full local extraction,p226,male,speech,English,data/datasets/speech/vctk/raw/VCTK-Corpus-0.92/wav48_silence_trimmed/p226/p226_137_mic1.flac,,2.803792,48000,ok,canonical mic1 flac,clean_speech_v1,v1,VCTK Corpus 0.92|male,neutral_speech,quality_ok;duration_2_20;English;balanced_by_dataset_and_gender;round_robin_by_speaker
p226_142_mic1,VCTK Corpus 0.92,full local extraction,p226,male,speech,English,data/datasets/speech/vctk/raw/VCTK-Corpus-0.92/wav48_silence_trimmed/p226/p226_142_mic1.flac,,2.789417,48000,ok,canonical mic1 flac,clean_speech_v1,v1,VCTK Corpus 0.92|male,neutral_speech,quality_ok;duration_2_20;English;balanced_by_dataset_and_gender;round_robin_by_speaker
p226_150_mic1,VCTK Corpus 0.92,full local extraction,p226,male,speech,English,data/datasets/speech/vctk/raw/VCTK-Corpus-0.92/wav48_silence_trimmed/p226/p226_150_mic1.flac,,2.716583,48000,ok,canonical mic1 flac,clean_speech_v1,v1,VCTK Corpus 0.92|male,neutral_speech,quality_ok;duration_2_20;English;balanced_by_dataset_and_gender;round_robin_by_speaker
p226_169_mic1,VCTK Corpus 0.92,full local extraction,p226,male,speech,English,data/datasets/speech/vctk/raw/VCTK-Corpus-0.92/wav48_silence_trimmed/p226/p226_169_mic1.flac,,2.849396,48000,ok,canonical mic1 flac,clean_speech_v1,v1,VCTK Corpus 0.92|male,neutral_speech,quality_ok;duration_2_20;English;balanced_by_dataset_and_gender;round_robin_by_speaker
p226_177_mic1,VCTK Corpus 0.92,full local extraction,p226,male,speech,English,data/datasets/speech/vctk/raw/VCTK-Corpus-0.92/wav48_silence_trimmed/p226/p226_177_mic1.flac,,2.790208,48000,ok,canonical mic1 flac,clean_speech_v1,v1,VCTK Corpus 0.92|male,neutral_speech,quality_ok;duration_2_20;English;balanced_by_dataset_and_gender;round_robin_by_speaker
p226_194_mic1,VCTK Corpus 0.92,full local extraction,p226,male,speech,English,data/datasets/speech/vctk/raw/VCTK-Corpus-0.92/wav48_silence_trimmed/p226/p226_194_mic1.flac,,2.846667,48000,ok,canonical mic1 flac,clean_speech_v1,v1,VCTK Corpus 0.92|male,neutral_speech,quality_ok;duration_2_20;English;balanced_by_dataset_and_gender;round_robin_by_speaker
p226_197_mic1,VCTK Corpus 0.92,full local extraction,p226,male,speech,English,data/datasets/speech/vctk/raw/VCTK-Corpus-0.92/wav48_silence_trimmed/p226/p226_197_mic1.flac,,2.111333,48000,ok,canonical mic1 flac,clean_speech_v1,v1,VCTK Corpus 0.92|male,neutral_speech,quality_ok;duration_2_20;English;balanced_by_dataset_and_gender;round_robin_by_speaker
p226_199_mic1,VCTK Corpus 0.92,full local extraction,p226,male,speech,English,data/datasets/speech/vctk/raw/VCTK-Corpus-0.92/wav48_silence_trimmed/p226/p226_199_mic1.flac,,2.674667,48000,ok,canonical mic1 flac,clean_speech_v1,v1,VCTK Corpus 0.92|male,neutral_speech,quality_ok;duration_2_20;English;balanced_by_dataset_and_gender;round_robin_by_speaker
p226_202_mic1,VCTK Corpus 0.92,full local extraction,p226,male,speech,English,data/datasets/speech/vctk/raw/VCTK-Corpus-0.92/wav48_silence_trimmed/p226/p226_202_mic1.flac,,2.108833,48000,ok,canonical mic1 flac,clean_speech_v1,v1,VCTK Corpus 0.92|male,neutral_speech,quality_ok;duration_2_20;English;balanced_by_dataset_and_gender;round_robin_by_speaker
p226_207_mic1,VCTK Corpus 0.92,full local extraction,p226,male,speech,English,data/datasets/speech/vctk/raw/VCTK-Corpus-0.92/wav48_silence_trimmed/p226/p226_207_mic1.flac,,2.427125,48000,ok,canonical mic1 flac,clean_speech_v1,v1,VCTK Corpus 0.92|male,neutral_speech,quality_ok;duration_2_20;English;balanced_by_dataset_and_gender;round_robin_by_speaker
p226_208_mic1,VCTK Corpus 0.92,full local extraction,p226,male,speech,English,data/datasets/speech/vctk/raw/VCTK-Corpus-0.92/wav48_silence_trimmed/p226/p226_208_mic1.flac,,2.172958,48000,ok,canonical mic1 flac,clean_speech_v1,v1,VCTK Corpus 0.92|male,neutral_speech,quality_ok;duration_2_20;English;balanced_by_dataset_and_gender;round_robin_by_speaker
p226_209_mic1,VCTK Corpus 0.92,full local extraction,p226,male,speech,English,data/datasets/speech/vctk/raw/VCTK-Corpus-0.92/wav48_silence_trimmed/p226/p226_209_mic1.flac,,2.687375,48000,ok,canonical mic1 flac,clean_speech_v1,v1,VCTK Corpus 0.92|male,neutral_speech,quality_ok;duration_2_20;English;balanced_by_dataset_and_gender;round_robin_by_speaker
p226_217_mic1,VCTK Corpus 0.92,full local extraction,p226,male,speech,English,data/datasets/speech/vctk/raw/VCTK-Corpus-0.92/wav48_silence_trimmed/p226/p226_217_mic1.flac,,2.155521,48000,ok,canonical mic1 flac,clean_speech_v1,v1,VCTK Corpus 0.92|male,neutral_speech,quality_ok;duration_2_20;English;balanced_by_dataset_and_gender;round_robin_by_speaker
p226_219_mic1,VCTK Corpus 0.92,full local extraction,p226,male,speech,English,data/datasets/speech/vctk/raw/VCTK-Corpus-0.92/wav48_silence_trimmed/p226/p226_219_mic1.flac,,2.508250,48000,ok,canonical mic1 flac,clean_speech_v1,v1,VCTK Corpus 0.92|male,neutral_speech,quality_ok;duration_2_20;English;balanced_by_dataset_and_gender;round_robin_by_speaker
p226_242_mic1,VCTK Corpus 0.92,full local extraction,p226,male,speech,English,data/datasets/speech/vctk/raw/VCTK-Corpus-0.92/wav48_silence_trimmed/p226/p226_242_mic1.flac,,2.695917,48000,ok,canonical mic1 flac,clean_speech_v1,v1,VCTK Corpus 0.92|male,neutral_speech,quality_ok;duration_2_20;English;balanced_by_dataset_and_gender;round_robin_by_speaker
p226_246_mic1,VCTK Corpus 0.92,full local extraction,p226,male,speech,English,data/datasets/speech/vctk/raw/VCTK-Corpus-0.92/wav48_silence_trimmed/p226/p226_246_mic1.flac,,2.718437,48000,ok,canonical mic1 flac,clean_speech_v1,v1,VCTK Corpus 0.92|male,neutral_speech,quality_ok;duration_2_20;English;balanced_by_dataset_and_gender;round_robin_by_speaker
p226_248_mic1,VCTK Corpus 0.92,full local extraction,p226,male,speech,English,data/datasets/speech/vctk/raw/VCTK-Corpus-0.92/wav48_silence_trimmed/p226/p226_248_mic1.flac,,2.271438,48000,ok,canonical mic1 flac,clean_speech_v1,v1,VCTK Corpus 0.92|male,neutral_speech,quality_ok;duration_2_20;English;balanced_by_dataset_and_gender;round_robin_by_speaker
p226_249_mic1,VCTK Corpus 0.92,full local extraction,p226,male,speech,English,data/datasets/speech/vctk/raw/VCTK-Corpus-0.92/wav48_silence_trimmed/p226/p226_249_mic1.flac,,2.343542,48000,ok,canonical mic1 flac,clean_speech_v1,v1,VCTK Corpus 0.92|male,neutral_speech,quality_ok;duration_2_20;English;balanced_by_dataset_and_gender;round_robin_by_speaker
p226_251_mic1,VCTK Corpus 0.92,full local extraction,p226,male,speech,English,data/datasets/speech/vctk/raw/VCTK-Corpus-0.92/wav48_silence_trimmed/p226/p226_251_mic1.flac,,2.202542,48000,ok,canonical mic1 flac,clean_speech_v1,v1,VCTK Corpus 0.92|male,neutral_speech,quality_ok;duration_2_20;English;balanced_by_dataset_and_gender;round_robin_by_speaker
p226_269_mic1,VCTK Corpus 0.92,full local extraction,p226,male,speech,English,data/datasets/speech/vctk/raw/VCTK-Corpus-0.92/wav48_silence_trimmed/p226/p226_269_mic1.flac,,2.704625,48000,ok,canonical mic1 flac,clean_speech_v1,v1,VCTK Corpus 0.92|male,neutral_speech,quality_ok;duration_2_20;English;balanced_by_dataset_and_gender;round_robin_by_speaker
p226_271_mic1,VCTK Corpus 0.92,full local extraction,p226,male,speech,English,data/datasets/speech/vctk/raw/VCTK-Corpus-0.92/wav48_silence_trimmed/p226/p226_271_mic1.flac,,2.817729,48000,ok,canonical mic1 flac,clean_speech_v1,v1,VCTK Corpus 0.92|male,neutral_speech,quality_ok;duration_2_20;English;balanced_by_dataset_and_gender;round_robin_by_speaker
p226_278_mic1,VCTK Corpus 0.92,full local extraction,p226,male,speech,English,data/datasets/speech/vctk/raw/VCTK-Corpus-0.92/wav48_silence_trimmed/p226/p226_278_mic1.flac,,2.278958,48000,ok,canonical mic1 flac,clean_speech_v1,v1,VCTK Corpus 0.92|male,neutral_speech,quality_ok;duration_2_20;English;balanced_by_dataset_and_gender;round_robin_by_speaker
p226_281_mic1,VCTK Corpus 0.92,full local extraction,p226,male,speech,English,data/datasets/speech/vctk/raw/VCTK-Corpus-0.92/wav48_silence_trimmed/p226/p226_281_mic1.flac,,2.692979,48000,ok,canonical mic1 flac,clean_speech_v1,v1,VCTK Corpus 0.92|male,neutral_speech,quality_ok;duration_2_20;English;balanced_by_dataset_and_gender;round_robin_by_speaker
p226_283_mic1,VCTK Corpus 0.92,full local extraction,p226,male,speech,English,data/datasets/speech/vctk/raw/VCTK-Corpus-0.92/wav48_silence_trimmed/p226/p226_283_mic1.flac,,2.651271,48000,ok,canonical mic1 flac,clean_speech_v1,v1,VCTK Corpus 0.92|male,neutral_speech,quality_ok;duration_2_20;English;balanced_by_dataset_and_gender;round_robin_by_speaker
p226_285_mic1,VCTK Corpus 0.92,full local extraction,p226,male,speech,English,data/datasets/speech/vctk/raw/VCTK-Corpus-0.92/wav48_silence_trimmed/p226/p226_285_mic1.flac,,2.165583,48000,ok,canonical mic1 flac,clean_speech_v1,v1,VCTK Corpus 0.92|male,neutral_speech,quality_ok;duration_2_20;English;balanced_by_dataset_and_gender;round_robin_by_speaker
p226_286_mic1,VCTK Corpus 0.92,full local extraction,p226,male,speech,English,data/datasets/speech/vctk/raw/VCTK-Corpus-0.92/wav48_silence_trimmed/p226/p226_286_mic1.flac,,2.306563,48000,ok,canonical mic1 flac,clean_speech_v1,v1,VCTK Corpus 0.92|male,neutral_speech,quality_ok;duration_2_20;English;balanced_by_dataset_and_gender;round_robin_by_speaker
p226_287_mic1,VCTK Corpus 0.92,full local extraction,p226,male,speech,English,data/datasets/speech/vctk/raw/VCTK-Corpus-0.92/wav48_silence_trimmed/p226/p226_287_mic1.flac,,2.195583,48000,ok,canonical mic1 flac,clean_speech_v1,v1,VCTK Corpus 0.92|male,neutral_speech,quality_ok;duration_2_20;English;balanced_by_dataset_and_gender;round_robin_by_speaker
p226_289_mic1,VCTK Corpus 0.92,full local extraction,p226,male,speech,English,data/datasets/speech/vctk/raw/VCTK-Corpus-0.92/wav48_silence_trimmed/p226/p226_289_mic1.flac,,2.406604,48000,ok,canonical mic1 flac,clean_speech_v1,v1,VCTK Corpus 0.92|male,neutral_speech,quality_ok;duration_2_20;English;balanced_by_dataset_and_gender;round_robin_by_speaker
p226_290_mic1,VCTK Corpus 0.92,full local extraction,p226,male,speech,English,data/datasets/speech/vctk/raw/VCTK-Corpus-0.92/wav48_silence_trimmed/p226/p226_290_mic1.flac,,2.724292,48000,ok,canonical mic1 flac,clean_speech_v1,v1,VCTK Corpus 0.92|male,neutral_speech,quality_ok;duration_2_20;English;balanced_by_dataset_and_gender;round_robin_by_speaker
p226_292_mic1,VCTK Corpus 0.92,full local extraction,p226,male,speech,English,data/datasets/speech/vctk/raw/VCTK-Corpus-0.92/wav48_silence_trimmed/p226/p226_292_mic1.flac,,2.434125,48000,ok,canonical mic1 flac,clean_speech_v1,v1,VCTK Corpus 0.92|male,neutral_speech,quality_ok;duration_2_20;English;balanced_by_dataset_and_gender;round_robin_by_speaker
p226_297_mic1,VCTK Corpus 0.92,full local extraction,p226,male,speech,English,data/datasets/speech/vctk/raw/VCTK-Corpus-0.92/wav48_silence_trimmed/p226/p226_297_mic1.flac,,2.079104,48000,ok,canonical mic1 flac,clean_speech_v1,v1,VCTK Corpus 0.92|male,neutral_speech,quality_ok;duration_2_20;English;balanced_by_dataset_and_gender;round_robin_by_speaker
p226_314_mic1,VCTK Corpus 0.92,full local extraction,p226,male,speech,English,data/datasets/speech/vctk/raw/VCTK-Corpus-0.92/wav48_silence_trimmed/p226/p226_314_mic1.flac,,2.185625,48000,ok,canonical mic1 flac,clean_speech_v1,v1,VCTK Corpus 0.92|male,neutral_speech,quality_ok;duration_2_20;English;balanced_by_dataset_and_gender;round_robin_by_speaker
p226_315_mic1,VCTK Corpus 0.92,full local extraction,p226,male,speech,English,data/datasets/speech/vctk/raw/VCTK-Corpus-0.92/wav48_silence_trimmed/p226/p226_315_mic1.flac,,2.748958,48000,ok,canonical mic1 flac,clean_speech_v1,v1,VCTK Corpus 0.92|male,neutral_speech,quality_ok;duration_2_20;English;balanced_by_dataset_and_gender;round_robin_by_speaker
p226_322_mic1,VCTK Corpus 0.92,full local extraction,p226,male,speech,English,data/datasets/speech/vctk/raw/VCTK-Corpus-0.92/wav48_silence_trimmed/p226/p226_322_mic1.flac,,2.537646,48000,ok,canonical mic1 flac,clean_speech_v1,v1,VCTK Corpus 0.92|male,neutral_speech,quality_ok;duration_2_20;English;balanced_by_dataset_and_gender;round_robin_by_speaker
