queue_label,queue_path,utt_id,target_direction,action_family,review_status,effect_audible_raw,direction_correct_raw,artifact_issue_raw,strength_fit_raw,keep_recommendation_raw,effect_audible_norm,direction_correct_norm,artifact_issue_norm,strength_fit_norm,keep_recommendation_norm,direction_source,artifact_source,strength_source,keep_source,review_notes
stage0_speech_envelope_listening_pack/v3,F:\proj_dev\tmp\workdir4-2\artifacts\listening_review\stage0_speech_envelope_listening_pack\v3\listening_review_queue.csv,1919_142785_000089_000003,masculine,brightness_down,reviewed,yes,maybe,slight,,maybe,yes,maybe,slight,ok,maybe,explicit,explicit,implicit_from_audible_yes,explicit,
stage0_speech_envelope_listening_pack/v3,F:\proj_dev\tmp\workdir4-2\artifacts\listening_review\stage0_speech_envelope_listening_pack\v3\listening_review_queue.csv,1995_1826_000022_000000,masculine,brightness_down,reviewed,yes,maybe,slight,,,yes,maybe,slight,ok,n/a,explicit,explicit,implicit_from_audible_yes,blocked_by_explicit_negative_signal,
stage0_speech_envelope_listening_pack/v3,F:\proj_dev\tmp\workdir4-2\artifacts\listening_review\stage0_speech_envelope_listening_pack\v3\listening_review_queue.csv,174_50561_000024_000000,feminine,brightness_up,reviewed,no,,,,,no,n/a,n/a,n/a,n/a,not_required_for_subtle_or_unclear_change,not_required_for_subtle_or_unclear_change,not_required_for_subtle_or_unclear_change,not_required_for_subtle_or_unclear_change,
stage0_speech_envelope_listening_pack/v3,F:\proj_dev\tmp\workdir4-2\artifacts\listening_review\stage0_speech_envelope_listening_pack\v3\listening_review_queue.csv,2086_149214_000006_000002,feminine,brightness_up,reviewed,yes,maybe,slight,,,yes,maybe,slight,ok,n/a,explicit,explicit,implicit_from_audible_yes,blocked_by_explicit_negative_signal,
stage0_speech_envelope_listening_pack/v3,F:\proj_dev\tmp\workdir4-2\artifacts\listening_review\stage0_speech_envelope_listening_pack\v3\listening_review_queue.csv,p231_011_mic1,masculine,brightness_down,reviewed,no,,,,,no,n/a,n/a,n/a,n/a,not_required_for_subtle_or_unclear_change,not_required_for_subtle_or_unclear_change,not_required_for_subtle_or_unclear_change,not_required_for_subtle_or_unclear_change,
stage0_speech_envelope_listening_pack/v3,F:\proj_dev\tmp\workdir4-2\artifacts\listening_review\stage0_speech_envelope_listening_pack\v3\listening_review_queue.csv,p230_107_mic1,masculine,brightness_down,reviewed,no,,,,,no,n/a,n/a,n/a,n/a,not_required_for_subtle_or_unclear_change,not_required_for_subtle_or_unclear_change,not_required_for_subtle_or_unclear_change,not_required_for_subtle_or_unclear_change,
stage0_speech_envelope_listening_pack/v3,F:\proj_dev\tmp\workdir4-2\artifacts\listening_review\stage0_speech_envelope_listening_pack\v3\listening_review_queue.csv,p241_005_mic1,feminine,brightness_up,reviewed,no,,,,,no,n/a,n/a,n/a,n/a,not_required_for_subtle_or_unclear_change,not_required_for_subtle_or_unclear_change,not_required_for_subtle_or_unclear_change,not_required_for_subtle_or_unclear_change,
stage0_speech_envelope_listening_pack/v3,F:\proj_dev\tmp\workdir4-2\artifacts\listening_review\stage0_speech_envelope_listening_pack\v3\listening_review_queue.csv,p226_011_mic1,feminine,brightness_up,reviewed,no,,,,,no,n/a,n/a,n/a,n/a,not_required_for_subtle_or_unclear_change,not_required_for_subtle_or_unclear_change,not_required_for_subtle_or_unclear_change,not_required_for_subtle_or_unclear_change,
stage0_speech_envelope_listening_pack/v4,F:\proj_dev\tmp\workdir4-2\artifacts\listening_review\stage0_speech_envelope_listening_pack\v4\listening_review_queue.csv,1919_142785_000089_000003,masculine,brightness_down,reviewed,yes,no,slight,too_weak,,yes,no,slight,too_weak,n/a,explicit,explicit,explicit,blocked_by_explicit_negative_signal,
stage0_speech_envelope_listening_pack/v4,F:\proj_dev\tmp\workdir4-2\artifacts\listening_review\stage0_speech_envelope_listening_pack\v4\listening_review_queue.csv,1995_1826_000022_000000,masculine,brightness_down,reviewed,yes,no,slight,too_weak,,yes,no,slight,too_weak,n/a,explicit,explicit,explicit,blocked_by_explicit_negative_signal,
stage0_speech_envelope_listening_pack/v4,F:\proj_dev\tmp\workdir4-2\artifacts\listening_review\stage0_speech_envelope_listening_pack\v4\listening_review_queue.csv,174_50561_000024_000000,feminine,brightness_up,reviewed,yes,no,,,,yes,no,no,ok,n/a,explicit,implicit_from_audible_yes,implicit_from_audible_yes,blocked_by_explicit_negative_signal,
stage0_speech_envelope_listening_pack/v4,F:\proj_dev\tmp\workdir4-2\artifacts\listening_review\stage0_speech_envelope_listening_pack\v4\listening_review_queue.csv,2086_149214_000006_000002,feminine,brightness_up,reviewed,yes,no,,,,yes,no,no,ok,n/a,explicit,implicit_from_audible_yes,implicit_from_audible_yes,blocked_by_explicit_negative_signal,
stage0_speech_envelope_listening_pack/v4,F:\proj_dev\tmp\workdir4-2\artifacts\listening_review\stage0_speech_envelope_listening_pack\v4\listening_review_queue.csv,p231_011_mic1,masculine,brightness_down,reviewed,yes,maybe,,,,yes,maybe,no,ok,yes,explicit,implicit_from_audible_yes,implicit_from_audible_yes,implicit_from_audible_yes,
stage0_speech_envelope_listening_pack/v4,F:\proj_dev\tmp\workdir4-2\artifacts\listening_review\stage0_speech_envelope_listening_pack\v4\listening_review_queue.csv,p230_107_mic1,masculine,brightness_down,reviewed,yes,maybe,slight,,,yes,maybe,slight,ok,n/a,explicit,explicit,implicit_from_audible_yes,blocked_by_explicit_negative_signal,
stage0_speech_envelope_listening_pack/v4,F:\proj_dev\tmp\workdir4-2\artifacts\listening_review\stage0_speech_envelope_listening_pack\v4\listening_review_queue.csv,p241_005_mic1,feminine,brightness_up,reviewed,maybe,,,,,maybe,n/a,n/a,n/a,n/a,not_required_for_subtle_or_unclear_change,not_required_for_subtle_or_unclear_change,not_required_for_subtle_or_unclear_change,not_required_for_subtle_or_unclear_change,
stage0_speech_envelope_listening_pack/v4,F:\proj_dev\tmp\workdir4-2\artifacts\listening_review\stage0_speech_envelope_listening_pack\v4\listening_review_queue.csv,p226_011_mic1,feminine,brightness_up,reviewed,no,,,,,no,n/a,n/a,n/a,n/a,not_required_for_subtle_or_unclear_change,not_required_for_subtle_or_unclear_change,not_required_for_subtle_or_unclear_change,not_required_for_subtle_or_unclear_change,
stage0_speech_envelope_listening_pack/v5,F:\proj_dev\tmp\workdir4-2\artifacts\listening_review\stage0_speech_envelope_listening_pack\v5\listening_review_queue.csv,1919_142785_000089_000003,masculine,brightness_down,reviewed,yes,yes,slight,too_weak,,yes,yes,slight,too_weak,n/a,explicit,explicit,explicit,blocked_by_explicit_negative_signal,
stage0_speech_envelope_listening_pack/v5,F:\proj_dev\tmp\workdir4-2\artifacts\listening_review\stage0_speech_envelope_listening_pack\v5\listening_review_queue.csv,1995_1826_000022_000000,masculine,brightness_down,reviewed,yes,yes,no,too_weak,,yes,yes,no,too_weak,yes,explicit,explicit,explicit,implicit_from_audible_yes,
stage0_speech_envelope_listening_pack/v5,F:\proj_dev\tmp\workdir4-2\artifacts\listening_review\stage0_speech_envelope_listening_pack\v5\listening_review_queue.csv,174_50561_000024_000000,feminine,brightness_up,reviewed,yes,yes,,too_weak,,yes,yes,no,too_weak,yes,explicit,implicit_from_audible_yes,explicit,implicit_from_audible_yes,
stage0_speech_envelope_listening_pack/v5,F:\proj_dev\tmp\workdir4-2\artifacts\listening_review\stage0_speech_envelope_listening_pack\v5\listening_review_queue.csv,2086_149214_000006_000002,feminine,brightness_up,reviewed,yes,yes,,too_weak,,yes,yes,no,too_weak,yes,explicit,implicit_from_audible_yes,explicit,implicit_from_audible_yes,
stage0_speech_envelope_listening_pack/v5,F:\proj_dev\tmp\workdir4-2\artifacts\listening_review\stage0_speech_envelope_listening_pack\v5\listening_review_queue.csv,p231_011_mic1,masculine,brightness_down,reviewed,yes,yes,,,,yes,yes,no,ok,yes,explicit,implicit_from_audible_yes,implicit_from_audible_yes,implicit_from_audible_yes,
stage0_speech_envelope_listening_pack/v5,F:\proj_dev\tmp\workdir4-2\artifacts\listening_review\stage0_speech_envelope_listening_pack\v5\listening_review_queue.csv,p230_107_mic1,masculine,brightness_down,reviewed,no,,,,,no,n/a,n/a,n/a,n/a,not_required_for_subtle_or_unclear_change,not_required_for_subtle_or_unclear_change,not_required_for_subtle_or_unclear_change,not_required_for_subtle_or_unclear_change,
stage0_speech_envelope_listening_pack/v5,F:\proj_dev\tmp\workdir4-2\artifacts\listening_review\stage0_speech_envelope_listening_pack\v5\listening_review_queue.csv,p241_005_mic1,feminine,brightness_up,reviewed,no,,slight,,,no,n/a,slight,n/a,n/a,not_required_for_subtle_or_unclear_change,explicit,not_required_for_subtle_or_unclear_change,not_required_for_subtle_or_unclear_change,
stage0_speech_envelope_listening_pack/v5,F:\proj_dev\tmp\workdir4-2\artifacts\listening_review\stage0_speech_envelope_listening_pack\v5\listening_review_queue.csv,p226_011_mic1,feminine,brightness_up,reviewed,no,,,,,no,n/a,n/a,n/a,n/a,not_required_for_subtle_or_unclear_change,not_required_for_subtle_or_unclear_change,not_required_for_subtle_or_unclear_change,not_required_for_subtle_or_unclear_change,
stage0_speech_formant_listening_pack/v1,F:\proj_dev\tmp\workdir4-2\artifacts\listening_review\stage0_speech_formant_listening_pack\v1\listening_review_queue.csv,1919_142785_000089_000003,masculine,brightness_down,reviewed,no,,,,,no,n/a,n/a,n/a,n/a,not_required_for_subtle_or_unclear_change,not_required_for_subtle_or_unclear_change,not_required_for_subtle_or_unclear_change,not_required_for_subtle_or_unclear_change,
stage0_speech_formant_listening_pack/v1,F:\proj_dev\tmp\workdir4-2\artifacts\listening_review\stage0_speech_formant_listening_pack\v1\listening_review_queue.csv,1995_1826_000022_000000,masculine,brightness_down,reviewed,no,,,,,no,n/a,n/a,n/a,n/a,not_required_for_subtle_or_unclear_change,not_required_for_subtle_or_unclear_change,not_required_for_subtle_or_unclear_change,not_required_for_subtle_or_unclear_change,
stage0_speech_formant_listening_pack/v1,F:\proj_dev\tmp\workdir4-2\artifacts\listening_review\stage0_speech_formant_listening_pack\v1\listening_review_queue.csv,174_50561_000024_000000,feminine,brightness_up,reviewed,no,,,,,no,n/a,n/a,n/a,n/a,not_required_for_subtle_or_unclear_change,not_required_for_subtle_or_unclear_change,not_required_for_subtle_or_unclear_change,not_required_for_subtle_or_unclear_change,
stage0_speech_formant_listening_pack/v1,F:\proj_dev\tmp\workdir4-2\artifacts\listening_review\stage0_speech_formant_listening_pack\v1\listening_review_queue.csv,2086_149214_000006_000002,feminine,brightness_up,reviewed,no,,,,,no,n/a,n/a,n/a,n/a,not_required_for_subtle_or_unclear_change,not_required_for_subtle_or_unclear_change,not_required_for_subtle_or_unclear_change,not_required_for_subtle_or_unclear_change,
stage0_speech_formant_listening_pack/v1,F:\proj_dev\tmp\workdir4-2\artifacts\listening_review\stage0_speech_formant_listening_pack\v1\listening_review_queue.csv,p231_011_mic1,masculine,brightness_down,reviewed,no,,,,,no,n/a,n/a,n/a,n/a,not_required_for_subtle_or_unclear_change,not_required_for_subtle_or_unclear_change,not_required_for_subtle_or_unclear_change,not_required_for_subtle_or_unclear_change,
stage0_speech_formant_listening_pack/v1,F:\proj_dev\tmp\workdir4-2\artifacts\listening_review\stage0_speech_formant_listening_pack\v1\listening_review_queue.csv,p230_107_mic1,masculine,brightness_down,reviewed,no,,,,,no,n/a,n/a,n/a,n/a,not_required_for_subtle_or_unclear_change,not_required_for_subtle_or_unclear_change,not_required_for_subtle_or_unclear_change,not_required_for_subtle_or_unclear_change,
stage0_speech_formant_listening_pack/v1,F:\proj_dev\tmp\workdir4-2\artifacts\listening_review\stage0_speech_formant_listening_pack\v1\listening_review_queue.csv,p241_005_mic1,feminine,brightness_up,reviewed,no,,,,,no,n/a,n/a,n/a,n/a,not_required_for_subtle_or_unclear_change,not_required_for_subtle_or_unclear_change,not_required_for_subtle_or_unclear_change,not_required_for_subtle_or_unclear_change,
stage0_speech_formant_listening_pack/v1,F:\proj_dev\tmp\workdir4-2\artifacts\listening_review\stage0_speech_formant_listening_pack\v1\listening_review_queue.csv,p226_011_mic1,feminine,brightness_up,reviewed,no,,,,,no,n/a,n/a,n/a,n/a,not_required_for_subtle_or_unclear_change,not_required_for_subtle_or_unclear_change,not_required_for_subtle_or_unclear_change,not_required_for_subtle_or_unclear_change,
stage0_speech_listening_pack/v1,F:\proj_dev\tmp\workdir4-2\artifacts\listening_review\stage0_speech_listening_pack\v1\listening_review_queue.csv,1919_142785_000089_000003,masculine,brightness_down,reviewed,no,,,,,no,n/a,n/a,n/a,n/a,not_required_for_subtle_or_unclear_change,not_required_for_subtle_or_unclear_change,not_required_for_subtle_or_unclear_change,not_required_for_subtle_or_unclear_change,
stage0_speech_listening_pack/v1,F:\proj_dev\tmp\workdir4-2\artifacts\listening_review\stage0_speech_listening_pack\v1\listening_review_queue.csv,1995_1826_000022_000000,masculine,brightness_down,reviewed,no,,,,,no,n/a,n/a,n/a,n/a,not_required_for_subtle_or_unclear_change,not_required_for_subtle_or_unclear_change,not_required_for_subtle_or_unclear_change,not_required_for_subtle_or_unclear_change,
stage0_speech_listening_pack/v1,F:\proj_dev\tmp\workdir4-2\artifacts\listening_review\stage0_speech_listening_pack\v1\listening_review_queue.csv,174_50561_000024_000000,feminine,brightness_up,reviewed,no,,,,,no,n/a,n/a,n/a,n/a,not_required_for_subtle_or_unclear_change,not_required_for_subtle_or_unclear_change,not_required_for_subtle_or_unclear_change,not_required_for_subtle_or_unclear_change,
stage0_speech_listening_pack/v1,F:\proj_dev\tmp\workdir4-2\artifacts\listening_review\stage0_speech_listening_pack\v1\listening_review_queue.csv,2086_149214_000006_000002,feminine,brightness_up,reviewed,no,,,,,no,n/a,n/a,n/a,n/a,not_required_for_subtle_or_unclear_change,not_required_for_subtle_or_unclear_change,not_required_for_subtle_or_unclear_change,not_required_for_subtle_or_unclear_change,
stage0_speech_listening_pack/v1,F:\proj_dev\tmp\workdir4-2\artifacts\listening_review\stage0_speech_listening_pack\v1\listening_review_queue.csv,p231_011_mic1,masculine,brightness_down,reviewed,no,,,,,no,n/a,n/a,n/a,n/a,not_required_for_subtle_or_unclear_change,not_required_for_subtle_or_unclear_change,not_required_for_subtle_or_unclear_change,not_required_for_subtle_or_unclear_change,
stage0_speech_listening_pack/v1,F:\proj_dev\tmp\workdir4-2\artifacts\listening_review\stage0_speech_listening_pack\v1\listening_review_queue.csv,p230_107_mic1,masculine,brightness_down,reviewed,no,,,,,no,n/a,n/a,n/a,n/a,not_required_for_subtle_or_unclear_change,not_required_for_subtle_or_unclear_change,not_required_for_subtle_or_unclear_change,not_required_for_subtle_or_unclear_change,
stage0_speech_listening_pack/v1,F:\proj_dev\tmp\workdir4-2\artifacts\listening_review\stage0_speech_listening_pack\v1\listening_review_queue.csv,p241_005_mic1,feminine,brightness_up,reviewed,no,,,,,no,n/a,n/a,n/a,n/a,not_required_for_subtle_or_unclear_change,not_required_for_subtle_or_unclear_change,not_required_for_subtle_or_unclear_change,not_required_for_subtle_or_unclear_change,
stage0_speech_listening_pack/v1,F:\proj_dev\tmp\workdir4-2\artifacts\listening_review\stage0_speech_listening_pack\v1\listening_review_queue.csv,p226_011_mic1,feminine,brightness_up,reviewed,no,,,,,no,n/a,n/a,n/a,n/a,not_required_for_subtle_or_unclear_change,not_required_for_subtle_or_unclear_change,not_required_for_subtle_or_unclear_change,not_required_for_subtle_or_unclear_change,
stage0_speech_resonance_listening_pack/v1,F:\proj_dev\tmp\workdir4-2\artifacts\listening_review\stage0_speech_resonance_listening_pack\v1\listening_review_queue.csv,1919_142785_000089_000003,masculine,brightness_down,reviewed,no,,,,,no,n/a,n/a,n/a,n/a,not_required_for_subtle_or_unclear_change,not_required_for_subtle_or_unclear_change,not_required_for_subtle_or_unclear_change,not_required_for_subtle_or_unclear_change,
stage0_speech_resonance_listening_pack/v1,F:\proj_dev\tmp\workdir4-2\artifacts\listening_review\stage0_speech_resonance_listening_pack\v1\listening_review_queue.csv,1995_1826_000022_000000,masculine,brightness_down,reviewed,no,,,,,no,n/a,n/a,n/a,n/a,not_required_for_subtle_or_unclear_change,not_required_for_subtle_or_unclear_change,not_required_for_subtle_or_unclear_change,not_required_for_subtle_or_unclear_change,
stage0_speech_resonance_listening_pack/v1,F:\proj_dev\tmp\workdir4-2\artifacts\listening_review\stage0_speech_resonance_listening_pack\v1\listening_review_queue.csv,174_50561_000024_000000,feminine,brightness_up,reviewed,no,,,,,no,n/a,n/a,n/a,n/a,not_required_for_subtle_or_unclear_change,not_required_for_subtle_or_unclear_change,not_required_for_subtle_or_unclear_change,not_required_for_subtle_or_unclear_change,
stage0_speech_resonance_listening_pack/v1,F:\proj_dev\tmp\workdir4-2\artifacts\listening_review\stage0_speech_resonance_listening_pack\v1\listening_review_queue.csv,2086_149214_000006_000002,feminine,brightness_up,reviewed,no,,,,,no,n/a,n/a,n/a,n/a,not_required_for_subtle_or_unclear_change,not_required_for_subtle_or_unclear_change,not_required_for_subtle_or_unclear_change,not_required_for_subtle_or_unclear_change,
stage0_speech_resonance_listening_pack/v1,F:\proj_dev\tmp\workdir4-2\artifacts\listening_review\stage0_speech_resonance_listening_pack\v1\listening_review_queue.csv,p231_011_mic1,masculine,brightness_down,reviewed,no,,,,,no,n/a,n/a,n/a,n/a,not_required_for_subtle_or_unclear_change,not_required_for_subtle_or_unclear_change,not_required_for_subtle_or_unclear_change,not_required_for_subtle_or_unclear_change,
stage0_speech_resonance_listening_pack/v1,F:\proj_dev\tmp\workdir4-2\artifacts\listening_review\stage0_speech_resonance_listening_pack\v1\listening_review_queue.csv,p230_107_mic1,masculine,brightness_down,reviewed,no,,,,,no,n/a,n/a,n/a,n/a,not_required_for_subtle_or_unclear_change,not_required_for_subtle_or_unclear_change,not_required_for_subtle_or_unclear_change,not_required_for_subtle_or_unclear_change,
stage0_speech_resonance_listening_pack/v1,F:\proj_dev\tmp\workdir4-2\artifacts\listening_review\stage0_speech_resonance_listening_pack\v1\listening_review_queue.csv,p241_005_mic1,feminine,brightness_up,reviewed,no,,,,,no,n/a,n/a,n/a,n/a,not_required_for_subtle_or_unclear_change,not_required_for_subtle_or_unclear_change,not_required_for_subtle_or_unclear_change,not_required_for_subtle_or_unclear_change,
stage0_speech_resonance_listening_pack/v1,F:\proj_dev\tmp\workdir4-2\artifacts\listening_review\stage0_speech_resonance_listening_pack\v1\listening_review_queue.csv,p226_011_mic1,feminine,brightness_up,reviewed,no,,,,,no,n/a,n/a,n/a,n/a,not_required_for_subtle_or_unclear_change,not_required_for_subtle_or_unclear_change,not_required_for_subtle_or_unclear_change,not_required_for_subtle_or_unclear_change,
stage0_speech_world_stft_delta_listening_pack/v1,F:\proj_dev\tmp\workdir4-2\artifacts\listening_review\stage0_speech_world_stft_delta_listening_pack\v1\listening_review_queue.csv,1919_142785_000089_000003,masculine,brightness_down,reviewed,maybe,maybe,,too_weak,,maybe,maybe,n/a,too_weak,n/a,explicit,not_required_for_subtle_or_unclear_change,explicit,not_required_for_subtle_or_unclear_change,
stage0_speech_world_stft_delta_listening_pack/v1,F:\proj_dev\tmp\workdir4-2\artifacts\listening_review\stage0_speech_world_stft_delta_listening_pack\v1\listening_review_queue.csv,1995_1826_000022_000000,masculine,brightness_down,reviewed,no,,,,,no,n/a,n/a,n/a,n/a,not_required_for_subtle_or_unclear_change,not_required_for_subtle_or_unclear_change,not_required_for_subtle_or_unclear_change,not_required_for_subtle_or_unclear_change,
stage0_speech_world_stft_delta_listening_pack/v1,F:\proj_dev\tmp\workdir4-2\artifacts\listening_review\stage0_speech_world_stft_delta_listening_pack\v1\listening_review_queue.csv,174_50561_000024_000000,feminine,brightness_up,reviewed,yes,,,too_weak,,yes,yes,no,too_weak,yes,implicit_from_audible_yes,implicit_from_audible_yes,explicit,implicit_from_audible_yes,
stage0_speech_world_stft_delta_listening_pack/v1,F:\proj_dev\tmp\workdir4-2\artifacts\listening_review\stage0_speech_world_stft_delta_listening_pack\v1\listening_review_queue.csv,2086_149214_000006_000002,feminine,brightness_up,reviewed,maybe,,,too_weak,,maybe,n/a,n/a,too_weak,n/a,not_required_for_subtle_or_unclear_change,not_required_for_subtle_or_unclear_change,explicit,not_required_for_subtle_or_unclear_change,
stage0_speech_world_stft_delta_listening_pack/v1,F:\proj_dev\tmp\workdir4-2\artifacts\listening_review\stage0_speech_world_stft_delta_listening_pack\v1\listening_review_queue.csv,p231_011_mic1,masculine,brightness_down,reviewed,yes,,,too_weak,,yes,yes,no,too_weak,yes,implicit_from_audible_yes,implicit_from_audible_yes,explicit,implicit_from_audible_yes,
stage0_speech_world_stft_delta_listening_pack/v1,F:\proj_dev\tmp\workdir4-2\artifacts\listening_review\stage0_speech_world_stft_delta_listening_pack\v1\listening_review_queue.csv,p230_107_mic1,masculine,brightness_down,reviewed,no,,,,,no,n/a,n/a,n/a,n/a,not_required_for_subtle_or_unclear_change,not_required_for_subtle_or_unclear_change,not_required_for_subtle_or_unclear_change,not_required_for_subtle_or_unclear_change,
stage0_speech_world_stft_delta_listening_pack/v1,F:\proj_dev\tmp\workdir4-2\artifacts\listening_review\stage0_speech_world_stft_delta_listening_pack\v1\listening_review_queue.csv,p241_005_mic1,feminine,brightness_up,reviewed,no,,,,,no,n/a,n/a,n/a,n/a,not_required_for_subtle_or_unclear_change,not_required_for_subtle_or_unclear_change,not_required_for_subtle_or_unclear_change,not_required_for_subtle_or_unclear_change,
stage0_speech_world_stft_delta_listening_pack/v1,F:\proj_dev\tmp\workdir4-2\artifacts\listening_review\stage0_speech_world_stft_delta_listening_pack\v1\listening_review_queue.csv,p226_011_mic1,feminine,brightness_up,reviewed,no,,,,,no,n/a,n/a,n/a,n/a,not_required_for_subtle_or_unclear_change,not_required_for_subtle_or_unclear_change,not_required_for_subtle_or_unclear_change,not_required_for_subtle_or_unclear_change,
stage0_speech_world_stft_delta_listening_pack/v2,F:\proj_dev\tmp\workdir4-2\artifacts\listening_review\stage0_speech_world_stft_delta_listening_pack\v2\listening_review_queue.csv,1919_142785_000089_000003,masculine,brightness_down,reviewed,no,,,,,no,n/a,n/a,n/a,n/a,not_required_for_subtle_or_unclear_change,not_required_for_subtle_or_unclear_change,not_required_for_subtle_or_unclear_change,not_required_for_subtle_or_unclear_change,
stage0_speech_world_stft_delta_listening_pack/v2,F:\proj_dev\tmp\workdir4-2\artifacts\listening_review\stage0_speech_world_stft_delta_listening_pack\v2\listening_review_queue.csv,1995_1826_000022_000000,masculine,brightness_down,reviewed,no,,,,,no,n/a,n/a,n/a,n/a,not_required_for_subtle_or_unclear_change,not_required_for_subtle_or_unclear_change,not_required_for_subtle_or_unclear_change,not_required_for_subtle_or_unclear_change,
stage0_speech_world_stft_delta_listening_pack/v2,F:\proj_dev\tmp\workdir4-2\artifacts\listening_review\stage0_speech_world_stft_delta_listening_pack\v2\listening_review_queue.csv,174_50561_000024_000000,feminine,brightness_up,reviewed,maybe,,slight,,,maybe,n/a,slight,n/a,n/a,not_required_for_subtle_or_unclear_change,explicit,not_required_for_subtle_or_unclear_change,not_required_for_subtle_or_unclear_change,
stage0_speech_world_stft_delta_listening_pack/v2,F:\proj_dev\tmp\workdir4-2\artifacts\listening_review\stage0_speech_world_stft_delta_listening_pack\v2\listening_review_queue.csv,2086_149214_000006_000002,feminine,brightness_up,reviewed,maybe,,slight,,,maybe,n/a,slight,n/a,n/a,not_required_for_subtle_or_unclear_change,explicit,not_required_for_subtle_or_unclear_change,not_required_for_subtle_or_unclear_change,
stage0_speech_world_stft_delta_listening_pack/v2,F:\proj_dev\tmp\workdir4-2\artifacts\listening_review\stage0_speech_world_stft_delta_listening_pack\v2\listening_review_queue.csv,p231_011_mic1,masculine,brightness_down,reviewed,maybe,,,,,maybe,n/a,n/a,n/a,n/a,not_required_for_subtle_or_unclear_change,not_required_for_subtle_or_unclear_change,not_required_for_subtle_or_unclear_change,not_required_for_subtle_or_unclear_change,
stage0_speech_world_stft_delta_listening_pack/v2,F:\proj_dev\tmp\workdir4-2\artifacts\listening_review\stage0_speech_world_stft_delta_listening_pack\v2\listening_review_queue.csv,p230_107_mic1,masculine,brightness_down,reviewed,maybe,,no,,,maybe,n/a,no,n/a,n/a,not_required_for_subtle_or_unclear_change,explicit,not_required_for_subtle_or_unclear_change,not_required_for_subtle_or_unclear_change,
stage0_speech_world_stft_delta_listening_pack/v2,F:\proj_dev\tmp\workdir4-2\artifacts\listening_review\stage0_speech_world_stft_delta_listening_pack\v2\listening_review_queue.csv,p241_005_mic1,feminine,brightness_up,reviewed,no,,,,,no,n/a,n/a,n/a,n/a,not_required_for_subtle_or_unclear_change,not_required_for_subtle_or_unclear_change,not_required_for_subtle_or_unclear_change,not_required_for_subtle_or_unclear_change,
stage0_speech_world_stft_delta_listening_pack/v2,F:\proj_dev\tmp\workdir4-2\artifacts\listening_review\stage0_speech_world_stft_delta_listening_pack\v2\listening_review_queue.csv,p226_011_mic1,feminine,brightness_up,reviewed,no,,,,,no,n/a,n/a,n/a,n/a,not_required_for_subtle_or_unclear_change,not_required_for_subtle_or_unclear_change,not_required_for_subtle_or_unclear_change,not_required_for_subtle_or_unclear_change,
stage0_speech_world_stft_delta_listening_pack/v3,F:\proj_dev\tmp\workdir4-2\artifacts\listening_review\stage0_speech_world_stft_delta_listening_pack\v3\listening_review_queue.csv,1919_142785_000089_000003,masculine,brightness_down,reviewed,yes,yes,,too_weak,,yes,yes,no,too_weak,yes,explicit,implicit_from_audible_yes,explicit,implicit_from_audible_yes,
stage0_speech_world_stft_delta_listening_pack/v3,F:\proj_dev\tmp\workdir4-2\artifacts\listening_review\stage0_speech_world_stft_delta_listening_pack\v3\listening_review_queue.csv,1995_1826_000022_000000,masculine,brightness_down,reviewed,maybe,yes,,too_weak,,maybe,yes,n/a,too_weak,n/a,explicit,not_required_for_subtle_or_unclear_change,explicit,not_required_for_subtle_or_unclear_change,
stage0_speech_world_stft_delta_listening_pack/v3,F:\proj_dev\tmp\workdir4-2\artifacts\listening_review\stage0_speech_world_stft_delta_listening_pack\v3\listening_review_queue.csv,174_50561_000024_000000,feminine,brightness_up,reviewed,yes,yes,,too_weak,,yes,yes,no,too_weak,yes,explicit,implicit_from_audible_yes,explicit,implicit_from_audible_yes,
stage0_speech_world_stft_delta_listening_pack/v3,F:\proj_dev\tmp\workdir4-2\artifacts\listening_review\stage0_speech_world_stft_delta_listening_pack\v3\listening_review_queue.csv,2086_149214_000006_000002,feminine,brightness_up,reviewed,yes,yes,,too_weak,,yes,yes,no,too_weak,yes,explicit,implicit_from_audible_yes,explicit,implicit_from_audible_yes,
stage0_speech_world_stft_delta_listening_pack/v3,F:\proj_dev\tmp\workdir4-2\artifacts\listening_review\stage0_speech_world_stft_delta_listening_pack\v3\listening_review_queue.csv,p231_011_mic1,masculine,brightness_down,reviewed,yes,yes,,too_weak,,yes,yes,no,too_weak,yes,explicit,implicit_from_audible_yes,explicit,implicit_from_audible_yes,
stage0_speech_world_stft_delta_listening_pack/v3,F:\proj_dev\tmp\workdir4-2\artifacts\listening_review\stage0_speech_world_stft_delta_listening_pack\v3\listening_review_queue.csv,p230_107_mic1,masculine,brightness_down,reviewed,no,,,,,no,n/a,n/a,n/a,n/a,not_required_for_subtle_or_unclear_change,not_required_for_subtle_or_unclear_change,not_required_for_subtle_or_unclear_change,not_required_for_subtle_or_unclear_change,
stage0_speech_world_stft_delta_listening_pack/v3,F:\proj_dev\tmp\workdir4-2\artifacts\listening_review\stage0_speech_world_stft_delta_listening_pack\v3\listening_review_queue.csv,p241_005_mic1,feminine,brightness_up,reviewed,no,,,,,no,n/a,n/a,n/a,n/a,not_required_for_subtle_or_unclear_change,not_required_for_subtle_or_unclear_change,not_required_for_subtle_or_unclear_change,not_required_for_subtle_or_unclear_change,
stage0_speech_world_stft_delta_listening_pack/v3,F:\proj_dev\tmp\workdir4-2\artifacts\listening_review\stage0_speech_world_stft_delta_listening_pack\v3\listening_review_queue.csv,p226_011_mic1,feminine,brightness_up,reviewed,maybe,,,,,maybe,n/a,n/a,n/a,n/a,not_required_for_subtle_or_unclear_change,not_required_for_subtle_or_unclear_change,not_required_for_subtle_or_unclear_change,not_required_for_subtle_or_unclear_change,
stage0_speech_world_stft_delta_listening_pack/v4,F:\proj_dev\tmp\workdir4-2\artifacts\listening_review\stage0_speech_world_stft_delta_listening_pack\v4\listening_review_queue.csv,1919_142785_000089_000003,masculine,brightness_down,reviewed,yes,maybe,slight,too_weak,,yes,maybe,slight,too_weak,n/a,explicit,explicit,explicit,blocked_by_explicit_negative_signal,
stage0_speech_world_stft_delta_listening_pack/v4,F:\proj_dev\tmp\workdir4-2\artifacts\listening_review\stage0_speech_world_stft_delta_listening_pack\v4\listening_review_queue.csv,1995_1826_000022_000000,masculine,brightness_down,reviewed,yes,yes,yes,,,yes,yes,yes,ok,n/a,explicit,explicit,implicit_from_audible_yes,blocked_by_explicit_negative_signal,
stage0_speech_world_stft_delta_listening_pack/v4,F:\proj_dev\tmp\workdir4-2\artifacts\listening_review\stage0_speech_world_stft_delta_listening_pack\v4\listening_review_queue.csv,174_50561_000024_000000,feminine,brightness_up,reviewed,yes,maybe,yes,,,yes,maybe,yes,ok,n/a,explicit,explicit,implicit_from_audible_yes,blocked_by_explicit_negative_signal,
stage0_speech_world_stft_delta_listening_pack/v4,F:\proj_dev\tmp\workdir4-2\artifacts\listening_review\stage0_speech_world_stft_delta_listening_pack\v4\listening_review_queue.csv,2086_149214_000006_000002,feminine,brightness_up,reviewed,yes,maybe,yes,,,yes,maybe,yes,ok,n/a,explicit,explicit,implicit_from_audible_yes,blocked_by_explicit_negative_signal,
stage0_speech_world_stft_delta_listening_pack/v4,F:\proj_dev\tmp\workdir4-2\artifacts\listening_review\stage0_speech_world_stft_delta_listening_pack\v4\listening_review_queue.csv,p231_011_mic1,masculine,brightness_down,reviewed,maybe,maybe,yes,,,maybe,maybe,yes,n/a,n/a,explicit,explicit,not_required_for_subtle_or_unclear_change,not_required_for_subtle_or_unclear_change,
stage0_speech_world_stft_delta_listening_pack/v4,F:\proj_dev\tmp\workdir4-2\artifacts\listening_review\stage0_speech_world_stft_delta_listening_pack\v4\listening_review_queue.csv,p230_107_mic1,masculine,brightness_down,reviewed,maybe,,slight,,,maybe,n/a,slight,n/a,n/a,not_required_for_subtle_or_unclear_change,explicit,not_required_for_subtle_or_unclear_change,not_required_for_subtle_or_unclear_change,
stage0_speech_world_stft_delta_listening_pack/v4,F:\proj_dev\tmp\workdir4-2\artifacts\listening_review\stage0_speech_world_stft_delta_listening_pack\v4\listening_review_queue.csv,p241_005_mic1,feminine,brightness_up,reviewed,maybe,,slight,,,maybe,n/a,slight,n/a,n/a,not_required_for_subtle_or_unclear_change,explicit,not_required_for_subtle_or_unclear_change,not_required_for_subtle_or_unclear_change,
stage0_speech_world_stft_delta_listening_pack/v4,F:\proj_dev\tmp\workdir4-2\artifacts\listening_review\stage0_speech_world_stft_delta_listening_pack\v4\listening_review_queue.csv,p226_011_mic1,feminine,brightness_up,reviewed,maybe,,slight,,,maybe,n/a,slight,n/a,n/a,not_required_for_subtle_or_unclear_change,explicit,not_required_for_subtle_or_unclear_change,not_required_for_subtle_or_unclear_change,
